student_id,date,check_in_minute,duration_minutes,present,is_anomaly
1,2026-01-05,528.0,51.9,1,0
1,2026-01-06,541.1,55.8,1,0
1,2026-01-07,550.7,58.2,1,0
1,2026-01-08,552.7,57.2,1,0
1,2026-01-09,546.6,10.450762816686819,1,1
1,2026-01-12,363.16132301599896,5.521058060234788,1,1
1,2026-01-13,553.4,55.4,1,0
1,2026-01-14,540.8,57.4,1,0
1,2026-01-15,547.0,57.1,1,0
1,2026-01-16,540.4,54.3,1,0
1,2026-01-19,548.6,59.2,1,0
1,2026-01-20,536.9,53.4,1,0
1,2026-01-21,549.6,57.5,1,0
1,2026-01-22,545.5,56.2,1,0
1,2026-01-23,550.6,56.5,1,0
1,2026-01-26,544.2,56.7,1,0
1,2026-01-27,532.0,54.9,1,0
1,2026-01-28,538.5,55.0,1,0
1,2026-01-29,536.7,58.7,1,0
1,2026-01-30,541.0,56.3,1,0
1,2026-02-02,549.3,58.2,1,0
1,2026-02-03,540.0,58.4,1,0
1,2026-02-04,533.5,52.4,1,0
1,2026-02-05,547.6,56.3,1,0
1,2026-02-06,540.2,56.3,1,0
1,2026-02-09,541.2,57.2,1,0
1,2026-02-10,540.8,54.7,1,0
1,2026-02-11,547.6,54.4,1,0
1,2026-02-12,547.5,57.2,1,0
1,2026-02-13,542.9,54.6,1,0
1,2026-02-16,530.2,51.5,1,0
1,2026-02-17,535.7,57.0,1,0
1,2026-02-18,540.6,59.7,1,0
1,2026-02-19,549.6,53.0,1,0
1,2026-02-20,536.1,54.8,1,0
1,2026-02-23,529.8,57.1,1,0
1,2026-02-24,538.9,51.5,1,0
1,2026-02-25,539.4,56.5,1,0
1,2026-02-26,556.5,55.1,1,0
1,2026-02-27,545.1,56.5,1,0
1,2026-03-02,550.3,56.9,1,0
1,2026-03-03,534.1,53.9,1,0
1,2026-03-04,540.5,51.7,1,0
1,2026-03-05,541.9,51.4,1,0
1,2026-03-06,546.2,58.4,1,0
1,2026-03-09,567.0,57.1,1,0
1,2026-03-10,526.6,56.6,1,0
1,2026-03-11,540.3,54.0,1,0
1,2026-03-12,552.2,56.3,1,0
1,2026-03-13,535.4,50.8,1,0
1,2026-03-16,543.2,61.1,1,0
1,2026-03-17,551.5,54.3,1,0
1,2026-03-18,535.9,53.7,1,0
1,2026-03-19,537.1,58.4,1,0
1,2026-03-20,551.1,57.0,1,0
1,2026-03-23,543.3,53.9,1,0
1,2026-03-24,540.0,52.2,1,0
1,2026-03-25,0.0,0.0,0,0
1,2026-03-26,556.3,56.3,1,0
1,2026-03-27,545.9,59.8,1,0
1,2026-03-30,540.4,59.2,1,0
1,2026-03-31,555.9,56.4,1,0
1,2026-04-01,532.7,60.8,1,0
1,2026-04-02,542.2,54.7,1,0
1,2026-04-03,534.8,53.2,1,0
1,2026-04-06,540.5,55.8,1,0
1,2026-04-07,546.4,60.1,1,0
1,2026-04-08,548.8,49.7,1,0
1,2026-04-09,536.9,52.2,1,0
1,2026-04-10,541.0,58.6,1,0
1,2026-04-13,543.9,54.4,1,0
1,2026-04-14,551.7,57.5,1,0
1,2026-04-15,0.0,0.0,0,0
1,2026-04-16,538.1,55.2,1,0
1,2026-04-17,545.1,52.6,1,0
1,2026-04-20,545.5,63.4,1,0
1,2026-04-21,536.8,55.0,1,0
1,2026-04-22,538.9,56.8,1,0
1,2026-04-23,537.8,53.9,1,0
1,2026-04-24,542.4,52.7,1,0
1,2026-04-27,561.3,54.3,1,0
1,2026-04-28,552.6,55.6,1,0
1,2026-04-29,531.9,62.2,1,0
1,2026-04-30,775.4451355672904,61.4,1,1
1,2026-05-01,534.3,54.7,1,0
1,2026-05-04,415.2662452477748,13.748699958372201,1,1
1,2026-05-05,549.9,57.1,1,0
1,2026-05-06,542.6,51.7,1,0
1,2026-05-07,351.2772454222853,56.5,1,1
1,2026-05-08,547.4,58.9,1,0
2,2026-01-05,536.1,62.4,1,0
2,2026-01-06,564.4,67.7,1,0
2,2026-01-07,545.0,59.1,1,0
2,2026-01-08,544.0,58.1,1,0
2,2026-01-09,544.0,62.8,1,0
2,2026-01-12,549.3,62.8,1,0
2,2026-01-13,0.0,0.0,0,0
2,2026-01-14,544.0,61.6,1,0
2,2026-01-15,541.0,60.7,1,0
2,2026-01-16,553.6,53.7,1,0
2,2026-01-19,543.3,62.3,1,0
2,2026-01-20,527.8,62.4,1,0
2,2026-01-21,529.6,64.0,1,0
2,2026-01-22,541.4,58.2,1,0
2,2026-01-23,552.3,63.2,1,0
2,2026-01-26,551.3,62.7,1,0
2,2026-01-27,545.4,63.9,1,0
2,2026-01-28,542.4,59.3,1,0
2,2026-01-29,532.4,63.8,1,0
2,2026-01-30,542.4,64.9,1,0
2,2026-02-02,556.4,63.6,1,0
2,2026-02-03,0.0,0.0,0,0
2,2026-02-04,532.5,59.9,1,0
2,2026-02-05,547.0,59.3,1,0
2,2026-02-06,0.0,0.0,0,0
2,2026-02-09,532.1,59.4,1,0
2,2026-02-10,536.6,64.9,1,0
2,2026-02-11,523.5,62.3,1,0
2,2026-02-12,545.2,66.3,1,0
2,2026-02-13,537.1,63.2,1,0
2,2026-02-16,553.7,62.5,1,0
2,2026-02-17,537.3,63.8,1,0
2,2026-02-18,543.7,62.1,1,0
2,2026-02-19,535.0,61.0,1,0
2,2026-02-20,544.9,64.4,1,0
2,2026-02-23,540.9,65.9,1,0
2,2026-02-24,535.3,62.0,1,0
2,2026-02-25,542.0,65.4,1,0
2,2026-02-26,548.6,63.1,1,0
2,2026-02-27,540.2,55.4,1,0
2,2026-03-02,538.2,61.7,1,0
2,2026-03-03,529.0,57.7,1,0
2,2026-03-04,535.5,62.7,1,0
2,2026-03-05,0.0,0.0,0,0
2,2026-03-06,530.6,54.5,1,0
2,2026-03-09,538.1,62.8,1,0
2,2026-03-10,543.0,63.7,1,0
2,2026-03-11,546.1,59.3,1,0
2,2026-03-12,543.4,63.9,1,0
2,2026-03-13,0.0,0.0,0,0
2,2026-03-16,539.7,61.1,1,0
2,2026-03-17,525.9,57.5,1,0
2,2026-03-18,523.2,59.4,1,0
2,2026-03-19,539.6,62.0,1,0
2,2026-03-20,552.5,61.2,1,0
2,2026-03-23,541.1,65.5,1,0
2,2026-03-24,535.2,59.6,1,0
2,2026-03-25,534.8,60.3,1,0
2,2026-03-26,555.6,57.3,1,0
2,2026-03-27,533.5,62.8,1,0
2,2026-03-30,527.2,64.2,1,0
2,2026-03-31,537.6,58.2,1,0
2,2026-04-01,545.3,60.8,1,0
2,2026-04-02,544.8,65.4,1,0
2,2026-04-03,530.1,64.6,1,0
2,2026-04-06,550.8,62.6,1,0
2,2026-04-07,544.7,67.3,1,0
2,2026-04-08,542.4,61.9,1,0
2,2026-04-09,535.1,62.4,1,0
2,2026-04-10,544.4,58.9,1,0
2,2026-04-13,525.3,58.1,1,0
2,2026-04-14,539.5,67.2,1,0
2,2026-04-15,534.2,62.5,1,0
2,2026-04-16,539.6,62.0,1,0
2,2026-04-17,539.2,64.6,1,0
2,2026-04-20,541.9,69.2,1,0
2,2026-04-21,553.3,61.7,1,0
2,2026-04-22,0.0,0.0,0,0
2,2026-04-23,540.5,59.1,1,0
2,2026-04-24,535.1,63.4,1,0
2,2026-04-27,544.8,60.5,1,0
2,2026-04-28,539.4,64.2,1,0
2,2026-04-29,539.2,55.4,1,0
2,2026-04-30,552.8,64.1,1,0
2,2026-05-01,529.8,52.5,1,0
2,2026-05-04,0.0,0.0,0,0
2,2026-05-05,0.0,0.0,0,0
2,2026-05-06,537.4,62.8,1,0
2,2026-05-07,539.5,61.7,1,0
2,2026-05-08,548.2,62.4,1,0
3,2026-01-05,0.0,0.0,0,0
3,2026-01-06,540.9,61.3,1,0
3,2026-01-07,559.3,55.9,1,0
3,2026-01-08,549.1,58.0,1,0
3,2026-01-09,545.1,54.4,1,0
3,2026-01-12,551.6,52.5,1,0
3,2026-01-13,419.3329182333341,12.61949282125847,1,1
3,2026-01-14,541.7,52.2,1,0
3,2026-01-15,550.0,56.7,1,0
3,2026-01-16,546.7,57.9,1,0
3,2026-01-19,553.7,59.2,1,0
3,2026-01-20,552.5,58.1,1,0
3,2026-01-21,547.3,56.3,1,0
3,2026-01-22,539.8,53.5,1,0
3,2026-01-23,543.9,54.6,1,0
3,2026-01-26,550.7,57.4,1,0
3,2026-01-27,555.2,59.5,1,0
3,2026-01-28,542.8,58.9,1,0
3,2026-01-29,536.4,57.0,1,0
3,2026-01-30,540.8,57.8,1,0
3,2026-02-02,0.0,0.0,0,0
3,2026-02-03,558.0,56.5,1,0
3,2026-02-04,528.7,53.8,1,0
3,2026-02-05,539.4,59.4,1,0
3,2026-02-06,538.6,54.7,1,0
3,2026-02-09,560.9,53.6,1,0
3,2026-02-10,562.6,52.3,1,0
3,2026-02-11,544.6,55.7,1,0
3,2026-02-12,0.0,0.0,0,0
3,2026-02-13,533.8,58.8,1,0
3,2026-02-16,300.07780597949466,9.816290896065265,1,1
3,2026-02-17,552.3,59.5,1,0
3,2026-02-18,534.5,58.9,1,0
3,2026-02-19,549.9,53.0,1,0
3,2026-02-20,541.6,53.4,1,0
3,2026-02-23,550.0,55.4,1,0
3,2026-02-24,0.0,0.0,0,0
3,2026-02-25,0.0,0.0,0,0
3,2026-02-26,0.0,0.0,0,1
3,2026-02-27,0.0,0.0,0,1
3,2026-03-02,0.0,0.0,0,1
3,2026-03-03,0.0,0.0,0,1
3,2026-03-04,0.0,0.0,0,1
3,2026-03-05,553.6,63.4,1,0
3,2026-03-06,545.3,56.8,1,0
3,2026-03-09,534.2,57.7,1,0
3,2026-03-10,562.8,56.7,1,0
3,2026-03-11,539.2,59.0,1,0
3,2026-03-12,541.1,57.8,1,0
3,2026-03-13,545.4,52.2,1,0
3,2026-03-16,540.8,56.2,1,0
3,2026-03-17,534.4,52.4,1,0
3,2026-03-18,543.8,49.6,1,0
3,2026-03-19,550.2,55.1,1,0
3,2026-03-20,554.7,58.3,1,0
3,2026-03-23,551.1,58.5,1,0
3,2026-03-24,546.7,59.7,1,0
3,2026-03-25,558.0,55.7,1,0
3,2026-03-26,544.0,55.9,1,0
3,2026-03-27,554.3,61.7,1,0
3,2026-03-30,544.6,58.2,1,0
3,2026-03-31,555.6,50.5,1,0
3,2026-04-01,541.8,50.3,1,0
3,2026-04-02,540.7,56.6,1,0
3,2026-04-03,546.1,54.2,1,0
3,2026-04-06,556.4,54.3,1,0
3,2026-04-07,552.5,56.6,1,0
3,2026-04-08,547.9,59.4,1,0
3,2026-04-09,547.9,56.6,1,0
3,2026-04-10,535.5,59.3,1,0
3,2026-04-13,539.8,57.0,1,0
3,2026-04-14,529.8,52.8,1,0
3,2026-04-15,559.7,58.1,1,0
3,2026-04-16,538.9,53.9,1,0
3,2026-04-17,548.5,58.9,1,0
3,2026-04-20,550.2,57.7,1,0
3,2026-04-21,554.5,52.4,1,0
3,2026-04-22,556.0,60.8,1,0
3,2026-04-23,533.1,57.5,1,0
3,2026-04-24,562.4,58.8,1,0
3,2026-04-27,540.9,57.3,1,0
3,2026-04-28,539.9,63.4,1,0
3,2026-04-29,0.0,0.0,0,0
3,2026-04-30,540.7,59.8,1,0
3,2026-05-01,551.6,61.0,1,0
3,2026-05-04,376.0486478268749,6.21186062376211,1,1
3,2026-05-05,533.8,57.5,1,0
3,2026-05-06,537.8,62.3,1,0
3,2026-05-07,558.9,58.0,1,0
3,2026-05-08,548.1,57.9,1,0
4,2026-01-05,0.0,0.0,0,0
4,2026-01-06,526.2,67.0,1,0
4,2026-01-07,527.0,62.3,1,0
4,2026-01-08,525.3,58.3,1,0
4,2026-01-09,520.9,57.8,1,0
4,2026-01-12,530.0,56.2,1,0
4,2026-01-13,534.8,64.8,1,0
4,2026-01-14,527.2,59.1,1,0
4,2026-01-15,529.6,62.7,1,0
4,2026-01-16,535.7,61.2,1,0
4,2026-01-19,0.0,0.0,0,0
4,2026-01-20,528.6,61.0,1,0
4,2026-01-21,528.9,60.1,1,0
4,2026-01-22,529.4,60.4,1,0
4,2026-01-23,529.1,58.2,1,0
4,2026-01-26,538.4,58.1,1,0
4,2026-01-27,512.0,61.7,1,0
4,2026-01-28,525.9,65.2,1,0
4,2026-01-29,530.0,66.3,1,0
4,2026-01-30,523.8,59.3,1,0
4,2026-02-02,524.3,65.9,1,0
4,2026-02-03,524.2,67.3,1,0
4,2026-02-04,540.9,61.3,1,0
4,2026-02-05,529.8,71.1,1,0
4,2026-02-06,521.2,64.5,1,0
4,2026-02-09,0.0,0.0,0,0
4,2026-02-10,534.1,61.7,1,0
4,2026-02-11,527.0,62.6,1,0
4,2026-02-12,511.4,63.6,1,0
4,2026-02-13,515.3,61.4,1,0
4,2026-02-16,521.3,64.1,1,0
4,2026-02-17,523.6,59.8,1,0
4,2026-02-18,529.1,58.6,1,0
4,2026-02-19,0.0,0.0,0,0
4,2026-02-20,511.7,55.7,1,0
4,2026-02-23,525.1,61.3,1,0
4,2026-02-24,528.7,64.4,1,0
4,2026-02-25,0.0,0.0,0,0
4,2026-02-26,0.0,0.0,0,0
4,2026-02-27,529.2,65.3,1,0
4,2026-03-02,506.9,56.5,1,0
4,2026-03-03,522.4,60.4,1,0
4,2026-03-04,524.4,64.7,1,0
4,2026-03-05,520.0,63.0,1,0
4,2026-03-06,530.0,61.9,1,0
4,2026-03-09,539.6,59.7,1,0
4,2026-03-10,525.1,57.8,1,0
4,2026-03-11,518.3,59.3,1,0
4,2026-03-12,531.3,59.7,1,0
4,2026-03-13,536.1,65.9,1,0
4,2026-03-16,537.8,55.9,1,0
4,2026-03-17,519.9,61.9,1,0
4,2026-03-18,525.5,67.2,1,0
4,2026-03-19,530.2,60.9,1,0
4,2026-03-20,526.9,62.9,1,0
4,2026-03-23,540.1,62.5,1,0
4,2026-03-24,517.7,61.3,1,0
4,2026-03-25,533.8,62.2,1,0
4,2026-03-26,530.8,65.2,1,0
4,2026-03-27,524.0,62.6,1,0
4,2026-03-30,0.0,0.0,0,0
4,2026-03-31,497.7,56.4,1,0
4,2026-04-01,530.7,58.1,1,0
4,2026-04-02,537.8,60.1,1,0
4,2026-04-03,526.9,62.8,1,0
4,2026-04-06,527.9,58.6,1,0
4,2026-04-07,526.6,57.5,1,0
4,2026-04-08,520.9,64.4,1,0
4,2026-04-09,524.6,61.3,1,0
4,2026-04-10,531.8,58.6,1,0
4,2026-04-13,535.7,60.4,1,0
4,2026-04-14,530.4,12.871277966754583,1,1
4,2026-04-15,528.7,63.8,1,0
4,2026-04-16,531.9,57.4,1,0
4,2026-04-17,524.5,60.1,1,0
4,2026-04-20,538.7,67.0,1,0
4,2026-04-21,526.0,62.6,1,0
4,2026-04-22,527.8,62.0,1,0
4,2026-04-23,526.4,59.4,1,0
4,2026-04-24,531.9,61.6,1,0
4,2026-04-27,532.2,60.5,1,0
4,2026-04-28,529.9,57.9,1,0
4,2026-04-29,522.9,56.6,1,0
4,2026-04-30,518.7,61.7,1,0
4,2026-05-01,524.2,63.4,1,0
4,2026-05-04,529.4,62.8,1,0
4,2026-05-05,510.0,60.5,1,0
4,2026-05-06,527.2,61.6,1,0
4,2026-05-07,536.4,62.2,1,0
4,2026-05-08,530.8,60.0,1,0
5,2026-01-05,0.0,0.0,0,0
5,2026-01-06,532.3,66.9,1,0
5,2026-01-07,540.8,61.7,1,0
5,2026-01-08,535.7,65.6,1,0
5,2026-01-09,543.5,60.2,1,0
5,2026-01-12,540.9,71.3,1,0
5,2026-01-13,551.8,64.4,1,0
5,2026-01-14,540.9,65.3,1,0
5,2026-01-15,400.97022382536124,9.36719618039903,1,1
5,2026-01-16,534.8,63.8,1,0
5,2026-01-19,543.6,68.3,1,0
5,2026-01-20,538.4,60.6,1,0
5,2026-01-21,527.2,61.2,1,0
5,2026-01-22,550.5,72.4,1,0
5,2026-01-23,0.0,0.0,0,0
5,2026-01-26,0.0,0.0,0,0
5,2026-01-27,538.8,65.2,1,0
5,2026-01-28,540.9,62.7,1,0
5,2026-01-29,527.6,65.9,1,0
5,2026-01-30,535.2,64.0,1,0
5,2026-02-02,541.4,62.0,1,0
5,2026-02-03,0.0,0.0,0,0
5,2026-02-04,552.6,65.4,1,0
5,2026-02-05,0.0,0.0,0,0
5,2026-02-06,549.0,65.8,1,0
5,2026-02-09,544.1,60.7,1,0
5,2026-02-10,529.1,61.6,1,0
5,2026-02-11,546.7,68.4,1,0
5,2026-02-12,530.8,63.2,1,0
5,2026-02-13,540.6,67.3,1,0
5,2026-02-16,542.8,61.0,1,0
5,2026-02-17,540.0,61.7,1,0
5,2026-02-18,0.0,0.0,0,0
5,2026-02-19,0.0,0.0,0,0
5,2026-02-20,0.0,0.0,0,1
5,2026-02-23,0.0,0.0,0,1
5,2026-02-24,0.0,0.0,0,1
5,2026-02-25,0.0,0.0,0,1
5,2026-02-26,0.0,0.0,0,1
5,2026-02-27,0.0,0.0,0,1
5,2026-03-02,0.0,0.0,0,1
5,2026-03-03,547.7,64.8,1,0
5,2026-03-04,545.6,64.3,1,0
5,2026-03-05,551.8,56.6,1,0
5,2026-03-06,696.6701759698042,62.9,1,1
5,2026-03-09,527.9,61.0,1,0
5,2026-03-10,559.6,69.3,1,0
5,2026-03-11,537.1,60.5,1,0
5,2026-03-12,539.0,61.0,1,0
5,2026-03-13,0.0,0.0,0,0
5,2026-03-16,0.0,0.0,0,0
5,2026-03-17,0.0,0.0,0,1
5,2026-03-18,0.0,0.0,0,1
5,2026-03-19,0.0,0.0,0,1
5,2026-03-20,0.0,0.0,0,1
5,2026-03-23,0.0,0.0,0,1
5,2026-03-24,0.0,0.0,0,1
5,2026-03-25,0.0,0.0,0,1
5,2026-03-26,0.0,0.0,0,1
5,2026-03-27,0.0,0.0,0,1
5,2026-03-30,0.0,0.0,0,1
5,2026-03-31,542.4,66.6,1,0
5,2026-04-01,538.5,61.8,1,0
5,2026-04-02,529.0,58.5,1,0
5,2026-04-03,530.4,67.9,1,0
5,2026-04-06,550.3,65.2,1,0
5,2026-04-07,0.0,0.0,0,0
5,2026-04-08,544.2,66.1,1,0
5,2026-04-09,0.0,0.0,0,0
5,2026-04-10,544.5,62.3,1,0
5,2026-04-13,0.0,0.0,0,0
5,2026-04-14,540.7,64.9,1,0
5,2026-04-15,540.2,65.7,1,0
5,2026-04-16,552.4,67.8,1,0
5,2026-04-17,553.5,62.4,1,0
5,2026-04-20,337.54173284404834,5.295897309993883,1,1
5,2026-04-21,0.0,0.0,0,0
5,2026-04-22,527.5,66.8,1,0
5,2026-04-23,533.6,64.9,1,0
5,2026-04-24,535.0,66.3,1,0
5,2026-04-27,553.9,62.5,1,0
5,2026-04-28,540.8,66.3,1,0
5,2026-04-29,539.6,63.6,1,0
5,2026-04-30,402.63139912532506,65.9,1,1
5,2026-05-01,552.3,68.3,1,0
5,2026-05-04,543.0,62.1,1,0
5,2026-05-05,535.2,68.8,1,0
5,2026-05-06,538.2,67.5,1,0
5,2026-05-07,523.9,66.3,1,0
5,2026-05-08,542.0,60.0,1,0
6,2026-01-05,536.2,66.8,1,0
6,2026-01-06,541.8,70.6,1,0
6,2026-01-07,0.0,0.0,0,0
6,2026-01-08,530.5,65.1,1,0
6,2026-01-09,523.0,69.9,1,0
6,2026-01-12,537.7,60.6,1,0
6,2026-01-13,549.6,59.7,1,0
6,2026-01-14,530.3,70.4,1,0
6,2026-01-15,543.0,69.7,1,0
6,2026-01-16,538.1,69.1,1,0
6,2026-01-19,549.2,65.7,1,0
6,2026-01-20,539.5,63.3,1,0
6,2026-01-21,547.5,68.9,1,0
6,2026-01-22,538.7,70.2,1,0
6,2026-01-23,531.1,70.6,1,0
6,2026-01-26,543.0,73.6,1,0
6,2026-01-27,545.0,76.1,1,0
6,2026-01-28,533.3,69.3,1,0
6,2026-01-29,535.5,64.9,1,0
6,2026-01-30,0.0,0.0,0,0
6,2026-02-02,533.9,70.8,1,0
6,2026-02-03,537.7,69.7,1,0
6,2026-02-04,542.5,73.8,1,0
6,2026-02-05,536.7,66.5,1,0
6,2026-02-06,537.7,66.9,1,0
6,2026-02-09,525.9,70.6,1,0
6,2026-02-10,542.7,64.6,1,0
6,2026-02-11,549.7,70.9,1,0
6,2026-02-12,546.4,69.2,1,0
6,2026-02-13,0.0,0.0,0,0
6,2026-02-16,542.6,69.7,1,0
6,2026-02-17,542.1,72.4,1,0
6,2026-02-18,516.8,67.1,1,0
6,2026-02-19,525.7,68.3,1,0
6,2026-02-20,531.0,69.0,1,0
6,2026-02-23,534.3,72.4,1,0
6,2026-02-24,543.4,62.4,1,0
6,2026-02-25,0.0,0.0,0,0
6,2026-02-26,538.3,69.7,1,0
6,2026-02-27,0.0,0.0,0,0
6,2026-03-02,537.1,67.4,1,0
6,2026-03-03,535.1,70.1,1,0
6,2026-03-04,544.9,68.0,1,0
6,2026-03-05,536.4,74.7,1,0
6,2026-03-06,549.8,72.1,1,0
6,2026-03-09,557.6,71.0,1,0
6,2026-03-10,0.0,0.0,0,0
6,2026-03-11,538.0,67.4,1,0
6,2026-03-12,550.9,68.6,1,0
6,2026-03-13,546.3,70.8,1,0
6,2026-03-16,545.7,67.2,1,0
6,2026-03-17,532.8,63.1,1,0
6,2026-03-18,539.1,66.7,1,0
6,2026-03-19,0.0,0.0,0,0
6,2026-03-20,548.7,66.0,1,0
6,2026-03-23,528.6,72.3,1,0
6,2026-03-24,542.0,75.0,1,0
6,2026-03-25,537.3,66.2,1,0
6,2026-03-26,543.8,67.7,1,0
6,2026-03-27,551.5,67.7,1,0
6,2026-03-30,540.4,73.4,1,0
6,2026-03-31,547.4,65.8,1,0
6,2026-04-01,543.4,71.0,1,0
6,2026-04-02,529.4,63.9,1,0
6,2026-04-03,525.6,68.3,1,0
6,2026-04-06,539.6,61.2,1,0
6,2026-04-07,538.4,74.3,1,0
6,2026-04-08,0.0,0.0,0,0
6,2026-04-09,553.4,69.4,1,0
6,2026-04-10,540.6,69.0,1,0
6,2026-04-13,533.2,70.6,1,0
6,2026-04-14,542.3,68.6,1,0
6,2026-04-15,539.5,66.1,1,0
6,2026-04-16,697.284141354908,64.7,1,1
6,2026-04-17,348.55268088312505,70.1,1,1
6,2026-04-20,535.2,66.1,1,0
6,2026-04-21,542.4,67.4,1,0
6,2026-04-22,522.9,67.9,1,0
6,2026-04-23,540.8,68.2,1,0
6,2026-04-24,546.9,62.0,1,0
6,2026-04-27,541.4,65.9,1,0
6,2026-04-28,537.2,62.2,1,0
6,2026-04-29,0.0,0.0,0,0
6,2026-04-30,537.8,67.4,1,0
6,2026-05-01,548.4,71.6,1,0
6,2026-05-04,522.6,69.9,1,0
6,2026-05-05,542.2,71.0,1,0
6,2026-05-06,555.8,65.1,1,0
6,2026-05-07,526.2,65.2,1,0
6,2026-05-08,537.6,70.5,1,0
7,2026-01-05,0.0,0.0,0,0
7,2026-01-06,536.4,61.2,1,0
7,2026-01-07,530.3,57.4,1,0
7,2026-01-08,0.0,0.0,0,0
7,2026-01-09,531.8,57.7,1,0
7,2026-01-12,549.0,62.0,1,0
7,2026-01-13,539.7,60.0,1,0
7,2026-01-14,533.7,56.8,1,0
7,2026-01-15,533.5,60.1,1,0
7,2026-01-16,530.1,59.7,1,0
7,2026-01-19,0.0,0.0,0,0
7,2026-01-20,0.0,0.0,0,0
7,2026-01-21,0.0,0.0,0,1
7,2026-01-22,0.0,0.0,0,1
7,2026-01-23,0.0,0.0,0,1
7,2026-01-26,0.0,0.0,0,1
7,2026-01-27,0.0,0.0,0,1
7,2026-01-28,0.0,0.0,0,1
7,2026-01-29,0.0,0.0,0,1
7,2026-01-30,534.3,59.4,1,0
7,2026-02-02,553.0,55.3,1,0
7,2026-02-03,553.7,61.1,1,0
7,2026-02-04,541.1,58.4,1,0
7,2026-02-05,540.8,59.5,1,0
7,2026-02-06,537.4,61.2,1,0
7,2026-02-09,528.6,60.6,1,0
7,2026-02-10,547.5,59.7,1,0
7,2026-02-11,552.2,60.2,1,0
7,2026-02-12,524.1,64.4,1,0
7,2026-02-13,551.5,12.20395345944098,1,1
7,2026-02-16,544.0,59.5,1,0
7,2026-02-17,551.5,54.3,1,0
7,2026-02-18,767.5250214393205,59.0,1,1
7,2026-02-19,546.9,52.3,1,0
7,2026-02-20,530.9,59.7,1,0
7,2026-02-23,552.2,59.0,1,0
7,2026-02-24,538.8,63.4,1,0
7,2026-02-25,539.8,58.9,1,0
7,2026-02-26,546.0,54.3,1,0
7,2026-02-27,543.9,66.7,1,0
7,2026-03-02,542.0,65.0,1,0
7,2026-03-03,0.0,0.0,0,0
7,2026-03-04,544.6,59.6,1,0
7,2026-03-05,537.3,59.3,1,0
7,2026-03-06,0.0,0.0,0,0
7,2026-03-09,546.4,58.9,1,0
7,2026-03-10,550.8,60.7,1,0
7,2026-03-11,540.6,55.1,1,0
7,2026-03-12,538.5,63.3,1,0
7,2026-03-13,548.0,58.0,1,0
7,2026-03-16,541.7,62.2,1,0
7,2026-03-17,530.3,55.4,1,0
7,2026-03-18,544.3,55.8,1,0
7,2026-03-19,539.1,66.7,1,0
7,2026-03-20,544.5,56.2,1,0
7,2026-03-23,544.0,52.6,1,0
7,2026-03-24,558.1,58.2,1,0
7,2026-03-25,551.0,59.1,1,0
7,2026-03-26,524.6,61.5,1,0
7,2026-03-27,534.7,60.0,1,0
7,2026-03-30,538.6,61.4,1,0
7,2026-03-31,551.2,55.4,1,0
7,2026-04-01,558.2,63.0,1,0
7,2026-04-02,535.3,58.0,1,0
7,2026-04-03,382.21972117032453,7.566571085051184,1,1
7,2026-04-06,541.1,55.3,1,0
7,2026-04-07,550.2,55.5,1,0
7,2026-04-08,536.3,59.9,1,0
7,2026-04-09,554.7,61.1,1,0
7,2026-04-10,548.2,57.3,1,0
7,2026-04-13,545.4,58.1,1,0
7,2026-04-14,536.6,57.7,1,0
7,2026-04-15,538.3,62.9,1,0
7,2026-04-16,556.5,66.4,1,0
7,2026-04-17,543.4,56.1,1,0
7,2026-04-20,537.8,56.4,1,0
7,2026-04-21,541.7,55.9,1,0
7,2026-04-22,535.5,68.0,1,0
7,2026-04-23,540.4,58.2,1,0
7,2026-04-24,532.5,64.7,1,0
7,2026-04-27,545.2,55.5,1,0
7,2026-04-28,533.9,64.0,1,0
7,2026-04-29,543.6,52.3,1,0
7,2026-04-30,548.3,63.2,1,0
7,2026-05-01,0.0,0.0,0,0
7,2026-05-04,545.3,62.6,1,0
7,2026-05-05,542.8,60.4,1,0
7,2026-05-06,528.0,58.6,1,0
7,2026-05-07,541.7,57.9,1,0
7,2026-05-08,542.5,60.9,1,0
8,2026-01-05,540.2,58.4,1,0
8,2026-01-06,544.0,52.5,1,0
8,2026-01-07,538.5,58.3,1,0
8,2026-01-08,532.6,4.002993384175081,1,1
8,2026-01-09,0.0,0.0,0,0
8,2026-01-12,534.3,52.0,1,0
8,2026-01-13,546.1,60.3,1,0
8,2026-01-14,541.7,60.9,1,0
8,2026-01-15,0.0,0.0,0,0
8,2026-01-16,0.0,0.0,0,0
8,2026-01-19,542.3,58.5,1,0
8,2026-01-20,539.7,60.1,1,0
8,2026-01-21,538.1,57.6,1,0
8,2026-01-22,529.1,56.6,1,0
8,2026-01-23,543.4,53.9,1,0
8,2026-01-26,520.0,58.5,1,0
8,2026-01-27,533.3,60.3,1,0
8,2026-01-28,396.08970350449846,9.707482090466758,1,1
8,2026-01-29,540.1,56.3,1,0
8,2026-01-30,544.7,59.5,1,0
8,2026-02-02,541.6,55.1,1,0
8,2026-02-03,544.5,59.2,1,0
8,2026-02-04,534.7,60.4,1,0
8,2026-02-05,538.2,61.0,1,0
8,2026-02-06,531.4,54.8,1,0
8,2026-02-09,0.0,0.0,0,0
8,2026-02-10,542.2,63.8,1,0
8,2026-02-11,523.3,60.5,1,0
8,2026-02-12,532.7,58.7,1,0
8,2026-02-13,538.5,55.2,1,0
8,2026-02-16,523.9,60.0,1,0
8,2026-02-17,530.1,55.0,1,0
8,2026-02-18,534.2,56.6,1,0
8,2026-02-19,540.0,57.0,1,0
8,2026-02-20,531.9,61.6,1,0
8,2026-02-23,535.3,60.2,1,0
8,2026-02-24,0.0,0.0,0,0
8,2026-02-25,537.5,57.0,1,0
8,2026-02-26,530.1,59.9,1,0
8,2026-02-27,513.0,61.9,1,0
8,2026-03-02,531.4,61.4,1,0
8,2026-03-03,524.6,55.1,1,0
8,2026-03-04,521.0,61.7,1,0
8,2026-03-05,526.8,56.6,1,0
8,2026-03-06,543.3,60.6,1,0
8,2026-03-09,0.0,0.0,0,0
8,2026-03-10,0.0,0.0,0,0
8,2026-03-11,0.0,0.0,0,1
8,2026-03-12,0.0,0.0,0,1
8,2026-03-13,0.0,0.0,0,1
8,2026-03-16,0.0,0.0,0,1
8,2026-03-17,0.0,0.0,0,1
8,2026-03-18,0.0,0.0,0,1
8,2026-03-19,0.0,0.0,0,1
8,2026-03-20,0.0,0.0,0,1
8,2026-03-23,531.7,58.9,1,0
8,2026-03-24,534.2,57.7,1,0
8,2026-03-25,540.2,59.1,1,0
8,2026-03-26,532.9,60.8,1,0
8,2026-03-27,533.9,58.7,1,0
8,2026-03-30,525.6,60.7,1,0
8,2026-03-31,538.1,63.1,1,0
8,2026-04-01,537.7,56.7,1,0
8,2026-04-02,534.3,56.0,1,0
8,2026-04-03,537.9,56.1,1,0
8,2026-04-06,525.5,59.5,1,0
8,2026-04-07,0.0,0.0,0,0
8,2026-04-08,372.2475609399576,8.146262054351187,1,1
8,2026-04-09,538.8,58.1,1,0
8,2026-04-10,554.1,57.0,1,0
8,2026-04-13,539.8,59.1,1,0
8,2026-04-14,545.3,58.1,1,0
8,2026-04-15,545.9,60.2,1,0
8,2026-04-16,550.6,60.3,1,0
8,2026-04-17,537.6,58.3,1,0
8,2026-04-20,541.0,59.8,1,0
8,2026-04-21,530.0,58.8,1,0
8,2026-04-22,525.7,53.9,1,0
8,2026-04-23,515.5,59.0,1,0
8,2026-04-24,546.8,56.9,1,0
8,2026-04-27,533.2,58.7,1,0
8,2026-04-28,532.6,61.4,1,0
8,2026-04-29,538.7,61.1,1,0
8,2026-04-30,551.7,56.1,1,0
8,2026-05-01,528.4,60.3,1,0
8,2026-05-04,537.2,55.0,1,0
8,2026-05-05,526.5,61.8,1,0
8,2026-05-06,539.3,60.1,1,0
8,2026-05-07,521.9,56.6,1,0
8,2026-05-08,524.8,63.5,1,0
9,2026-01-05,551.0,61.4,1,0
9,2026-01-06,0.0,0.0,0,0
9,2026-01-07,540.5,57.3,1,0
9,2026-01-08,541.2,61.7,1,0
9,2026-01-09,543.0,61.7,1,0
9,2026-01-12,536.0,62.7,1,0
9,2026-01-13,534.0,62.0,1,0
9,2026-01-14,0.0,0.0,0,0
9,2026-01-15,0.0,0.0,0,0
9,2026-01-16,539.5,59.6,1,0
9,2026-01-19,544.8,63.4,1,0
9,2026-01-20,549.8,61.8,1,0
9,2026-01-21,550.2,59.1,1,0
9,2026-01-22,555.6,62.3,1,0
9,2026-01-23,537.6,63.8,1,0
9,2026-01-26,539.2,65.7,1,0
9,2026-01-27,536.9,62.2,1,0
9,2026-01-28,547.2,64.3,1,0
9,2026-01-29,547.2,60.7,1,0
9,2026-01-30,544.1,62.2,1,0
9,2026-02-02,547.7,61.7,1,0
9,2026-02-03,543.8,61.4,1,0
9,2026-02-04,560.9,59.9,1,0
9,2026-02-05,551.8,61.8,1,0
9,2026-02-06,0.0,0.0,0,0
9,2026-02-09,354.57928823444956,3.3236858224069787,1,1
9,2026-02-10,545.3,64.1,1,0
9,2026-02-11,553.3,61.2,1,0
9,2026-02-12,0.0,0.0,0,0
9,2026-02-13,546.4,59.4,1,0
9,2026-02-16,535.7,64.3,1,0
9,2026-02-17,544.3,61.3,1,0
9,2026-02-18,536.5,58.3,1,0
9,2026-02-19,548.1,62.5,1,0
9,2026-02-20,548.7,59.3,1,0
9,2026-02-23,535.7,65.4,1,0
9,2026-02-24,548.1,65.3,1,0
9,2026-02-25,529.6,59.3,1,0
9,2026-02-26,536.5,58.3,1,0
9,2026-02-27,533.5,62.5,1,0
9,2026-03-02,547.1,63.0,1,0
9,2026-03-03,540.3,67.9,1,0
9,2026-03-04,528.4,58.5,1,0
9,2026-03-05,543.4,61.2,1,0
9,2026-03-06,559.4,63.2,1,0
9,2026-03-09,535.8,58.5,1,0
9,2026-03-10,544.7,55.9,1,0
9,2026-03-11,543.4,60.9,1,0
9,2026-03-12,539.0,61.0,1,0
9,2026-03-13,548.1,64.8,1,0
9,2026-03-16,539.6,62.8,1,0
9,2026-03-17,539.8,63.9,1,0
9,2026-03-18,0.0,0.0,0,0
9,2026-03-19,557.5,58.9,1,0
9,2026-03-20,543.4,61.2,1,0
9,2026-03-23,531.4,61.8,1,0
9,2026-03-24,544.0,59.1,1,0
9,2026-03-25,545.1,62.0,1,0
9,2026-03-26,560.8,62.4,1,0
9,2026-03-27,534.7,57.7,1,0
9,2026-03-30,535.9,58.4,1,0
9,2026-03-31,542.6,58.8,1,0
9,2026-04-01,553.1,59.1,1,0
9,2026-04-02,550.8,63.0,1,0
9,2026-04-03,530.6,59.3,1,0
9,2026-04-06,552.6,58.4,1,0
9,2026-04-07,548.7,54.4,1,0
9,2026-04-08,533.8,62.5,1,0
9,2026-04-09,552.0,63.2,1,0
9,2026-04-10,0.0,0.0,0,0
9,2026-04-13,775.3793048445915,60.9,1,1
9,2026-04-14,549.6,63.3,1,0
9,2026-04-15,528.5,60.2,1,0
9,2026-04-16,534.6,63.4,1,0
9,2026-04-17,544.3,52.3,1,0
9,2026-04-20,558.4,59.9,1,0
9,2026-04-21,553.2,61.6,1,0
9,2026-04-22,545.5,62.9,1,0
9,2026-04-23,548.9,68.4,1,0
9,2026-04-24,530.6,62.9,1,0
9,2026-04-27,552.9,60.2,1,0
9,2026-04-28,550.7,69.2,1,0
9,2026-04-29,539.2,60.6,1,0
9,2026-04-30,536.2,53.2,1,0
9,2026-05-01,546.2,60.0,1,0
9,2026-05-04,543.4,65.4,1,0
9,2026-05-05,549.9,62.4,1,0
9,2026-05-06,543.7,63.0,1,0
9,2026-05-07,541.0,62.7,1,0
9,2026-05-08,541.1,62.8,1,0
10,2026-01-05,559.2,57.9,1,0
10,2026-01-06,556.4,67.6,1,0
10,2026-01-07,542.7,65.3,1,0
10,2026-01-08,551.2,64.8,1,0
10,2026-01-09,0.0,0.0,0,0
10,2026-01-12,563.5,67.1,1,0
10,2026-01-13,553.6,58.4,1,0
10,2026-01-14,561.6,61.7,1,0
10,2026-01-15,549.6,69.1,1,0
10,2026-01-16,560.3,66.4,1,0
10,2026-01-19,556.7,61.0,1,0
10,2026-01-20,556.3,65.5,1,0
10,2026-01-21,567.7,69.3,1,0
10,2026-01-22,0.0,0.0,0,0
10,2026-01-23,558.9,72.2,1,0
10,2026-01-26,564.0,63.4,1,0
10,2026-01-27,561.4,61.3,1,0
10,2026-01-28,554.2,69.3,1,0
10,2026-01-29,0.0,0.0,0,0
10,2026-01-30,559.1,62.5,1,0
10,2026-02-02,554.4,63.7,1,0
10,2026-02-03,542.8,63.0,1,0
10,2026-02-04,550.2,59.7,1,0
10,2026-02-05,564.1,10.38698407391234,1,1
10,2026-02-06,0.0,0.0,0,0
10,2026-02-09,541.8,65.5,1,0
10,2026-02-10,545.8,63.2,1,0
10,2026-02-11,549.9,66.3,1,0
10,2026-02-12,562.9,65.4,1,0
10,2026-02-13,548.2,59.6,1,0
10,2026-02-16,552.3,57.4,1,0
10,2026-02-17,547.9,69.3,1,0
10,2026-02-18,543.6,67.9,1,0
10,2026-02-19,549.1,62.7,1,0
10,2026-02-20,536.5,59.0,1,0
10,2026-02-23,567.5,63.3,1,0
10,2026-02-24,564.2,70.9,1,0
10,2026-02-25,0.0,0.0,0,0
10,2026-02-26,569.7,60.0,1,0
10,2026-02-27,546.9,64.9,1,0
10,2026-03-02,547.4,61.6,1,0
10,2026-03-03,563.1,64.2,1,0
10,2026-03-04,0.0,0.0,0,0
10,2026-03-05,547.3,66.8,1,0
10,2026-03-06,575.9,63.4,1,0
10,2026-03-09,561.2,67.0,1,0
10,2026-03-10,551.9,66.2,1,0
10,2026-03-11,0.0,0.0,0,0
10,2026-03-12,555.8,67.5,1,0
10,2026-03-13,540.4,58.8,1,0
10,2026-03-16,544.6,64.1,1,0
10,2026-03-17,549.5,62.2,1,0
10,2026-03-18,565.7,66.5,1,0
10,2026-03-19,551.4,63.3,1,0
10,2026-03-20,0.0,0.0,0,0
10,2026-03-23,0.0,0.0,0,0
10,2026-03-24,555.4,58.5,1,0
10,2026-03-25,561.2,63.7,1,0
10,2026-03-26,0.0,0.0,0,0
10,2026-03-27,556.8,64.5,1,0
10,2026-03-30,554.2,64.9,1,0
10,2026-03-31,566.1,64.6,1,0
10,2026-04-01,0.0,0.0,0,0
10,2026-04-02,561.2,62.3,1,0
10,2026-04-03,572.8,64.2,1,0
10,2026-04-06,0.0,0.0,0,0
10,2026-04-07,564.9,66.2,1,0
10,2026-04-08,563.2,66.0,1,0
10,2026-04-09,562.4,69.1,1,0
10,2026-04-10,562.3,63.6,1,0
10,2026-04-13,415.131638251622,65.2,1,1
10,2026-04-14,0.0,0.0,0,0
10,2026-04-15,550.4,3.627768335146915,1,1
10,2026-04-16,559.5,59.4,1,0
10,2026-04-17,569.4,63.9,1,0
10,2026-04-20,570.2,66.6,1,0
10,2026-04-21,552.1,67.8,1,0
10,2026-04-22,564.3,66.2,1,0
10,2026-04-23,556.3,64.0,1,0
10,2026-04-24,548.1,62.0,1,0
10,2026-04-27,560.0,66.5,1,0
10,2026-04-28,0.0,0.0,0,0
10,2026-04-29,552.5,66.9,1,0
10,2026-04-30,551.2,63.6,1,0
10,2026-05-01,541.2,66.1,1,0
10,2026-05-04,554.2,63.3,1,0
10,2026-05-05,558.2,63.4,1,0
10,2026-05-06,561.8,68.9,1,0
10,2026-05-07,558.0,64.7,1,0
10,2026-05-08,0.0,0.0,0,0
11,2026-01-05,563.7,59.1,1,0
11,2026-01-06,578.4,66.5,1,0
11,2026-01-07,561.7,64.3,1,0
11,2026-01-08,553.7,61.6,1,0
11,2026-01-09,571.2,61.6,1,0
11,2026-01-12,559.5,65.6,1,0
11,2026-01-13,568.1,8.279856697917413,1,1
11,2026-01-14,562.7,66.4,1,0
11,2026-01-15,577.5,65.9,1,0
11,2026-01-16,547.3,62.1,1,0
11,2026-01-19,0.0,0.0,0,0
11,2026-01-20,544.9,67.6,1,0
11,2026-01-21,571.5,64.3,1,0
11,2026-01-22,569.6,61.8,1,0
11,2026-01-23,558.6,67.0,1,0
11,2026-01-26,546.8,67.0,1,0
11,2026-01-27,557.1,59.0,1,0
11,2026-01-28,560.1,67.3,1,0
11,2026-01-29,573.4,62.5,1,0
11,2026-01-30,572.5,65.2,1,0
11,2026-02-02,558.9,68.6,1,0
11,2026-02-03,553.7,64.4,1,0
11,2026-02-04,552.3,64.4,1,0
11,2026-02-05,569.3,68.2,1,0
11,2026-02-06,558.5,66.5,1,0
11,2026-02-09,564.9,64.3,1,0
11,2026-02-10,552.5,68.9,1,0
11,2026-02-11,573.3,63.0,1,0
11,2026-02-12,579.3,61.4,1,0
11,2026-02-13,561.5,68.4,1,0
11,2026-02-16,560.0,62.8,1,0
11,2026-02-17,552.6,64.0,1,0
11,2026-02-18,552.1,62.4,1,0
11,2026-02-19,548.8,63.3,1,0
11,2026-02-20,557.0,63.7,1,0
11,2026-02-23,554.9,66.6,1,0
11,2026-02-24,556.5,66.0,1,0
11,2026-02-25,563.1,69.2,1,0
11,2026-02-26,546.0,65.9,1,0
11,2026-02-27,558.4,67.5,1,0
11,2026-03-02,548.3,65.0,1,0
11,2026-03-03,558.3,68.4,1,0
11,2026-03-04,550.0,61.4,1,0
11,2026-03-05,557.3,68.7,1,0
11,2026-03-06,564.2,65.0,1,0
11,2026-03-09,553.3,67.1,1,0
11,2026-03-10,566.9,68.1,1,0
11,2026-03-11,558.8,65.7,1,0
11,2026-03-12,0.0,0.0,0,0
11,2026-03-13,559.3,64.4,1,0
11,2026-03-16,559.6,61.1,1,0
11,2026-03-17,560.7,64.9,1,0
11,2026-03-18,568.5,61.3,1,0
11,2026-03-19,570.5,59.3,1,0
11,2026-03-20,555.5,63.4,1,0
11,2026-03-23,0.0,0.0,0,0
11,2026-03-24,574.9,60.7,1,0
11,2026-03-25,549.8,69.7,1,0
11,2026-03-26,560.0,63.3,1,0
11,2026-03-27,702.3780256961386,71.9,1,1
11,2026-03-30,553.4,66.5,1,0
11,2026-03-31,546.0,67.6,1,0
11,2026-04-01,568.6,63.1,1,0
11,2026-04-02,566.2,65.7,1,0
11,2026-04-03,547.2,64.9,1,0
11,2026-04-06,550.6,66.5,1,0
11,2026-04-07,566.2,67.2,1,0
11,2026-04-08,0.0,0.0,0,0
11,2026-04-09,0.0,0.0,0,0
11,2026-04-10,567.3,62.9,1,0
11,2026-04-13,545.6,69.8,1,0
11,2026-04-14,566.3,67.4,1,0
11,2026-04-15,558.2,64.0,1,0
11,2026-04-16,581.3,66.2,1,0
11,2026-04-17,563.9,61.5,1,0
11,2026-04-20,554.9,66.0,1,0
11,2026-04-21,563.3,64.8,1,0
11,2026-04-22,559.7,62.8,1,0
11,2026-04-23,572.0,64.2,1,0
11,2026-04-24,0.0,0.0,0,0
11,2026-04-27,569.0,66.6,1,0
11,2026-04-28,558.1,66.3,1,0
11,2026-04-29,558.1,67.4,1,0
11,2026-04-30,552.3,62.0,1,0
11,2026-05-01,574.0,58.8,1,0
11,2026-05-04,549.2,62.6,1,0
11,2026-05-05,556.8,62.9,1,0
11,2026-05-06,555.9,60.1,1,0
11,2026-05-07,566.2,67.1,1,0
11,2026-05-08,562.6,66.6,1,0
12,2026-01-05,0.0,0.0,0,0
12,2026-01-06,514.3,67.5,1,0
12,2026-01-07,535.5,62.9,1,0
12,2026-01-08,531.6,59.7,1,0
12,2026-01-09,0.0,0.0,0,0
12,2026-01-12,537.2,60.3,1,0
12,2026-01-13,536.4,61.8,1,0
12,2026-01-14,0.0,0.0,0,0
12,2026-01-15,519.3,58.3,1,0
12,2026-01-16,533.9,63.0,1,0
12,2026-01-19,539.1,64.1,1,0
12,2026-01-20,521.1,64.8,1,0
12,2026-01-21,528.6,59.0,1,0
12,2026-01-22,515.9,61.9,1,0
12,2026-01-23,552.1,56.8,1,0
12,2026-01-26,531.7,64.6,1,0
12,2026-01-27,0.0,0.0,0,0
12,2026-01-28,512.9,58.0,1,0
12,2026-01-29,512.5,60.4,1,0
12,2026-01-30,0.0,0.0,0,0
12,2026-02-02,523.3,57.5,1,0
12,2026-02-03,530.1,62.7,1,0
12,2026-02-04,536.8,60.0,1,0
12,2026-02-05,531.7,60.5,1,0
12,2026-02-06,0.0,0.0,0,0
12,2026-02-09,521.1,61.3,1,0
12,2026-02-10,522.3,58.0,1,0
12,2026-02-11,535.5,60.3,1,0
12,2026-02-12,534.1,58.4,1,0
12,2026-02-13,535.8,58.4,1,0
12,2026-02-16,528.0,63.5,1,0
12,2026-02-17,518.0,61.7,1,0
12,2026-02-18,542.7,60.0,1,0
12,2026-02-19,530.5,65.9,1,0
12,2026-02-20,542.3,57.0,1,0
12,2026-02-23,521.8,60.7,1,0
12,2026-02-24,522.5,58.0,1,0
12,2026-02-25,534.0,60.9,1,0
12,2026-02-26,525.1,57.8,1,0
12,2026-02-27,0.0,0.0,0,0
12,2026-03-02,536.1,57.8,1,0
12,2026-03-03,513.5,64.3,1,0
12,2026-03-04,521.6,65.0,1,0
12,2026-03-05,527.8,59.2,1,0
12,2026-03-06,0.0,0.0,0,0
12,2026-03-09,540.4,61.3,1,0
12,2026-03-10,537.0,56.5,1,0
12,2026-03-11,525.3,52.5,1,0
12,2026-03-12,519.5,61.6,1,0
12,2026-03-13,529.1,65.9,1,0
12,2026-03-16,527.4,60.9,1,0
12,2026-03-17,527.9,55.2,1,0
12,2026-03-18,0.0,0.0,0,0
12,2026-03-19,543.9,59.9,1,0
12,2026-03-20,527.2,59.9,1,0
12,2026-03-23,0.0,0.0,0,0
12,2026-03-24,530.2,57.7,1,0
12,2026-03-25,522.7,66.9,1,0
12,2026-03-26,0.0,0.0,0,0
12,2026-03-27,526.1,60.8,1,0
12,2026-03-30,524.0,60.7,1,0
12,2026-03-31,529.4,64.2,1,0
12,2026-04-01,301.39495803124595,59.9,1,1
12,2026-04-02,523.7,57.7,1,0
12,2026-04-03,546.3,62.5,1,0
12,2026-04-06,537.6,62.1,1,0
12,2026-04-07,515.2,59.2,1,0
12,2026-04-08,511.8,63.2,1,0
12,2026-04-09,533.5,67.1,1,0
12,2026-04-10,524.3,60.4,1,0
12,2026-04-13,523.1,58.1,1,0
12,2026-04-14,530.7,53.9,1,0
12,2026-04-15,0.0,0.0,0,0
12,2026-04-16,530.8,57.8,1,0
12,2026-04-17,527.7,62.2,1,0
12,2026-04-20,520.9,60.9,1,0
12,2026-04-21,532.2,56.3,1,0
12,2026-04-22,536.4,61.5,1,0
12,2026-04-23,526.9,57.5,1,0
12,2026-04-24,537.7,59.7,1,0
12,2026-04-27,523.7,60.6,1,0
12,2026-04-28,531.5,61.6,1,0
12,2026-04-29,539.0,63.0,1,0
12,2026-04-30,520.4,59.8,1,0
12,2026-05-01,518.5,58.7,1,0
12,2026-05-04,0.0,0.0,0,0
12,2026-05-05,525.1,63.6,1,0
12,2026-05-06,547.4,60.5,1,0
12,2026-05-07,527.7,60.8,1,0
12,2026-05-08,544.2,57.5,1,0
13,2026-01-05,560.4,58.3,1,0
13,2026-01-06,536.5,57.1,1,0
13,2026-01-07,546.6,57.5,1,0
13,2026-01-08,546.1,59.4,1,0
13,2026-01-09,541.0,58.1,1,0
13,2026-01-12,558.1,64.5,1,0
13,2026-01-13,557.8,58.5,1,0
13,2026-01-14,541.2,64.8,1,0
13,2026-01-15,566.4,62.6,1,0
13,2026-01-16,546.1,63.2,1,0
13,2026-01-19,549.7,61.0,1,0
13,2026-01-20,551.4,57.0,1,0
13,2026-01-21,552.2,64.5,1,0
13,2026-01-22,556.5,61.7,1,0
13,2026-01-23,545.0,60.4,1,0
13,2026-01-26,540.3,61.8,1,0
13,2026-01-27,555.8,62.5,1,0
13,2026-01-28,554.8,60.7,1,0
13,2026-01-29,544.5,61.9,1,0
13,2026-01-30,545.0,61.0,1,0
13,2026-02-02,546.1,57.5,1,0
13,2026-02-03,558.8,62.4,1,0
13,2026-02-04,548.8,69.9,1,0
13,2026-02-05,552.4,59.6,1,0
13,2026-02-06,557.0,60.5,1,0
13,2026-02-09,552.2,61.6,1,0
13,2026-02-10,553.7,60.4,1,0
13,2026-02-11,544.1,68.8,1,0
13,2026-02-12,538.7,58.7,1,0
13,2026-02-13,554.7,62.5,1,0
13,2026-02-16,545.1,61.9,1,0
13,2026-02-17,545.4,58.1,1,0
13,2026-02-18,558.8,62.9,1,0
13,2026-02-19,550.6,63.2,1,0
13,2026-02-20,0.0,0.0,0,0
13,2026-02-23,551.7,62.7,1,0
13,2026-02-24,542.4,56.3,1,0
13,2026-02-25,554.8,62.9,1,0
13,2026-02-26,542.5,58.7,1,0
13,2026-02-27,539.4,56.6,1,0
13,2026-03-02,551.0,57.3,1,0
13,2026-03-03,558.8,56.9,1,0
13,2026-03-04,558.5,59.6,1,0
13,2026-03-05,559.6,59.9,1,0
13,2026-03-06,553.7,59.8,1,0
13,2026-03-09,552.9,63.9,1,0
13,2026-03-10,550.6,60.6,1,0
13,2026-03-11,542.1,63.9,1,0
13,2026-03-12,539.8,64.5,1,0
13,2026-03-13,558.3,65.1,1,0
13,2026-03-16,537.0,55.3,1,0
13,2026-03-17,545.6,58.1,1,0
13,2026-03-18,555.2,56.5,1,0
13,2026-03-19,562.4,57.6,1,0
13,2026-03-20,546.4,62.5,1,0
13,2026-03-23,556.2,63.6,1,0
13,2026-03-24,559.2,58.3,1,0
13,2026-03-25,552.4,62.3,1,0
13,2026-03-26,543.6,56.8,1,0
13,2026-03-27,551.8,64.3,1,0
13,2026-03-30,539.1,63.7,1,0
13,2026-03-31,553.0,58.9,1,0
13,2026-04-01,543.3,59.8,1,0
13,2026-04-02,541.6,61.8,1,0
13,2026-04-03,546.4,62.0,1,0
13,2026-04-06,550.0,59.9,1,0
13,2026-04-07,559.0,59.9,1,0
13,2026-04-08,547.3,55.1,1,0
13,2026-04-09,558.0,54.5,1,0
13,2026-04-10,547.1,66.1,1,0
13,2026-04-13,545.9,64.7,1,0
13,2026-04-14,558.4,56.8,1,0
13,2026-04-15,547.1,57.7,1,0
13,2026-04-16,552.5,59.3,1,0
13,2026-04-17,545.6,62.7,1,0
13,2026-04-20,549.8,59.5,1,0
13,2026-04-21,554.7,67.0,1,0
13,2026-04-22,0.0,0.0,0,0
13,2026-04-23,575.0,62.4,1,0
13,2026-04-24,555.9,57.8,1,0
13,2026-04-27,546.3,62.8,1,0
13,2026-04-28,551.4,64.1,1,0
13,2026-04-29,0.0,0.0,0,0
13,2026-04-30,544.9,64.2,1,0
13,2026-05-01,537.5,59.9,1,0
13,2026-05-04,556.5,63.6,1,0
13,2026-05-05,555.0,61.0,1,0
13,2026-05-06,548.2,60.9,1,0
13,2026-05-07,535.2,59.6,1,0
13,2026-05-08,548.1,60.1,1,0
14,2026-01-05,552.0,60.7,1,0
14,2026-01-06,534.1,55.0,1,0
14,2026-01-07,547.3,57.3,1,0
14,2026-01-08,546.4,56.9,1,0
14,2026-01-09,539.4,54.6,1,0
14,2026-01-12,0.0,0.0,0,0
14,2026-01-13,555.9,54.1,1,0
14,2026-01-14,547.2,55.5,1,0
14,2026-01-15,547.6,52.9,1,0
14,2026-01-16,0.0,0.0,0,0
14,2026-01-19,0.0,0.0,0,0
14,2026-01-20,0.0,0.0,0,1
14,2026-01-21,0.0,0.0,0,1
14,2026-01-22,0.0,0.0,0,1
14,2026-01-23,0.0,0.0,0,1
14,2026-01-26,0.0,0.0,0,1
14,2026-01-27,0.0,0.0,0,1
14,2026-01-28,0.0,0.0,0,1
14,2026-01-29,537.3,50.5,1,0
14,2026-01-30,537.5,57.4,1,0
14,2026-02-02,538.6,54.9,1,0
14,2026-02-03,541.9,56.9,1,0
14,2026-02-04,540.2,58.8,1,0
14,2026-02-05,535.9,57.8,1,0
14,2026-02-06,542.9,60.7,1,0
14,2026-02-09,545.5,49.1,1,0
14,2026-02-10,546.9,54.6,1,0
14,2026-02-11,546.4,56.0,1,0
14,2026-02-12,546.9,59.4,1,0
14,2026-02-13,544.9,58.9,1,0
14,2026-02-16,568.4,56.8,1,0
14,2026-02-17,550.1,61.3,1,0
14,2026-02-18,533.0,59.9,1,0
14,2026-02-19,546.7,51.8,1,0
14,2026-02-20,540.6,56.0,1,0
14,2026-02-23,561.3,61.6,1,0
14,2026-02-24,546.4,54.6,1,0
14,2026-02-25,543.2,54.4,1,0
14,2026-02-26,541.5,55.6,1,0
14,2026-02-27,551.5,61.5,1,0
14,2026-03-02,557.6,53.1,1,0
14,2026-03-03,538.3,55.0,1,0
14,2026-03-04,371.4475494640618,7.438998580308865,1,1
14,2026-03-05,534.8,57.2,1,0
14,2026-03-06,0.0,0.0,0,0
14,2026-03-09,530.7,59.9,1,0
14,2026-03-10,533.5,54.8,1,0
14,2026-03-11,550.3,51.8,1,0
14,2026-03-12,0.0,0.0,0,0
14,2026-03-13,544.1,59.1,1,0
14,2026-03-16,541.9,58.4,1,0
14,2026-03-17,0.0,0.0,0,0
14,2026-03-18,552.9,58.9,1,0
14,2026-03-19,548.0,56.0,1,0
14,2026-03-20,536.2,52.8,1,0
14,2026-03-23,547.8,60.0,1,0
14,2026-03-24,553.9,58.9,1,0
14,2026-03-25,550.6,55.0,1,0
14,2026-03-26,550.9,52.1,1,0
14,2026-03-27,559.0,55.1,1,0
14,2026-03-30,550.2,52.6,1,0
14,2026-03-31,534.7,53.8,1,0
14,2026-04-01,0.0,0.0,0,0
14,2026-04-02,544.8,56.8,1,0
14,2026-04-03,549.4,55.5,1,0
14,2026-04-06,551.1,53.5,1,0
14,2026-04-07,543.4,50.9,1,0
14,2026-04-08,558.4,56.8,1,0
14,2026-04-09,533.5,55.3,1,0
14,2026-04-10,746.0484152841814,59.6,1,1
14,2026-04-13,549.6,51.7,1,0
14,2026-04-14,543.2,58.3,1,0
14,2026-04-15,547.3,56.7,1,0
14,2026-04-16,549.1,54.9,1,0
14,2026-04-17,558.7,58.8,1,0
14,2026-04-20,550.4,53.5,1,0
14,2026-04-21,554.1,50.6,1,0
14,2026-04-22,543.8,55.0,1,0
14,2026-04-23,550.5,53.2,1,0
14,2026-04-24,546.8,51.9,1,0
14,2026-04-27,556.9,60.7,1,0
14,2026-04-28,536.3,57.2,1,0
14,2026-04-29,551.7,58.0,1,0
14,2026-04-30,545.3,53.9,1,0
14,2026-05-01,548.6,56.2,1,0
14,2026-05-04,535.2,57.6,1,0
14,2026-05-05,546.5,55.5,1,0
14,2026-05-06,562.1,52.6,1,0
14,2026-05-07,323.9134144506438,7.910364757199435,1,1
14,2026-05-08,556.6,61.1,1,0
15,2026-01-05,540.8,53.2,1,0
15,2026-01-06,553.1,65.7,1,0
15,2026-01-07,0.0,0.0,0,0
15,2026-01-08,545.9,60.9,1,0
15,2026-01-09,557.1,60.9,1,0
15,2026-01-12,550.5,56.2,1,0
15,2026-01-13,541.7,52.9,1,0
15,2026-01-14,554.9,56.4,1,0
15,2026-01-15,543.3,59.5,1,0
15,2026-01-16,538.3,61.6,1,0
15,2026-01-19,561.6,58.6,1,0
15,2026-01-20,555.2,60.4,1,0
15,2026-01-21,554.9,56.5,1,0
15,2026-01-22,544.0,54.6,1,0
15,2026-01-23,556.1,59.2,1,0
15,2026-01-26,0.0,0.0,0,0
15,2026-01-27,558.7,58.2,1,0
15,2026-01-28,543.2,54.1,1,0
15,2026-01-29,542.2,62.6,1,0
15,2026-01-30,556.8,59.3,1,0
15,2026-02-02,551.1,60.4,1,0
15,2026-02-03,543.5,64.2,1,0
15,2026-02-04,545.4,58.5,1,0
15,2026-02-05,541.9,59.4,1,0
15,2026-02-06,532.7,58.5,1,0
15,2026-02-09,531.5,58.9,1,0
15,2026-02-10,549.6,60.2,1,0
15,2026-02-11,0.0,0.0,0,0
15,2026-02-12,561.2,55.4,1,0
15,2026-02-13,539.9,58.7,1,0
15,2026-02-16,549.9,58.9,1,0
15,2026-02-17,0.0,0.0,0,0
15,2026-02-18,0.0,0.0,0,0
15,2026-02-19,535.7,59.8,1,0
15,2026-02-20,556.2,60.6,1,0
15,2026-02-23,529.9,54.5,1,0
15,2026-02-24,539.1,56.4,1,0
15,2026-02-25,536.9,54.8,1,0
15,2026-02-26,538.2,56.3,1,0
15,2026-02-27,549.6,57.8,1,0
15,2026-03-02,550.2,58.1,1,0
15,2026-03-03,549.1,60.5,1,0
15,2026-03-04,546.0,56.1,1,0
15,2026-03-05,551.5,59.8,1,0
15,2026-03-06,547.6,58.6,1,0
15,2026-03-09,552.9,61.2,1,0
15,2026-03-10,556.5,59.2,1,0
15,2026-03-11,547.6,59.2,1,0
15,2026-03-12,551.0,67.0,1,0
15,2026-03-13,545.9,57.2,1,0
15,2026-03-16,557.7,56.5,1,0
15,2026-03-17,532.7,56.2,1,0
15,2026-03-18,550.4,66.9,1,0
15,2026-03-19,532.0,61.2,1,0
15,2026-03-20,555.8,57.6,1,0
15,2026-03-23,544.0,60.8,1,0
15,2026-03-24,541.4,57.9,1,0
15,2026-03-25,548.6,53.1,1,0
15,2026-03-26,551.5,59.4,1,0
15,2026-03-27,544.9,62.0,1,0
15,2026-03-30,548.9,61.3,1,0
15,2026-03-31,541.9,54.5,1,0
15,2026-04-01,549.7,61.8,1,0
15,2026-04-02,0.0,0.0,0,0
15,2026-04-03,549.1,58.3,1,0
15,2026-04-06,548.4,52.9,1,0
15,2026-04-07,556.2,64.0,1,0
15,2026-04-08,0.0,0.0,0,0
15,2026-04-09,545.7,63.8,1,0
15,2026-04-10,541.6,63.1,1,0
15,2026-04-13,551.2,54.1,1,0
15,2026-04-14,0.0,0.0,0,0
15,2026-04-15,532.1,55.3,1,0
15,2026-04-16,545.0,57.5,1,0
15,2026-04-17,543.6,59.4,1,0
15,2026-04-20,524.4,56.0,1,0
15,2026-04-21,544.6,59.7,1,0
15,2026-04-22,542.9,56.9,1,0
15,2026-04-23,554.6,56.3,1,0
15,2026-04-24,546.8,63.2,1,0
15,2026-04-27,553.0,62.2,1,0
15,2026-04-28,543.7,57.5,1,0
15,2026-04-29,552.2,59.2,1,0
15,2026-04-30,536.4,55.6,1,0
15,2026-05-01,544.0,56.2,1,0
15,2026-05-04,336.06103328415105,7.689655212834831,1,1
15,2026-05-05,542.8,58.0,1,0
15,2026-05-06,544.7,59.4,1,0
15,2026-05-07,546.1,51.5,1,0
15,2026-05-08,567.3,61.1,1,0
16,2026-01-05,527.5,62.6,1,0
16,2026-01-06,521.1,62.4,1,0
16,2026-01-07,533.4,58.7,1,0
16,2026-01-08,0.0,0.0,0,0
16,2026-01-09,543.4,57.2,1,0
16,2026-01-12,0.0,0.0,0,0
16,2026-01-13,0.0,0.0,0,0
16,2026-01-14,532.8,64.1,1,0
16,2026-01-15,522.1,60.9,1,0
16,2026-01-16,520.0,63.6,1,0
16,2026-01-19,532.8,58.5,1,0
16,2026-01-20,526.4,66.6,1,0
16,2026-01-21,540.2,60.1,1,0
16,2026-01-22,522.4,61.1,1,0
16,2026-01-23,524.5,58.7,1,0
16,2026-01-26,511.6,59.2,1,0
16,2026-01-27,517.5,58.3,1,0
16,2026-01-28,0.0,0.0,0,0
16,2026-01-29,0.0,0.0,0,0
16,2026-01-30,0.0,0.0,0,1
16,2026-02-02,0.0,0.0,0,1
16,2026-02-03,0.0,0.0,0,1
16,2026-02-04,0.0,0.0,0,1
16,2026-02-05,0.0,0.0,0,1
16,2026-02-06,528.3,61.4,1,0
16,2026-02-09,532.0,63.5,1,0
16,2026-02-10,0.0,0.0,0,0
16,2026-02-11,521.5,64.4,1,0
16,2026-02-12,537.4,64.7,1,0
16,2026-02-13,518.8,60.1,1,0
16,2026-02-16,536.3,63.4,1,0
16,2026-02-17,0.0,0.0,0,0
16,2026-02-18,531.9,66.0,1,0
16,2026-02-19,0.0,0.0,0,0
16,2026-02-20,542.1,62.7,1,0
16,2026-02-23,523.6,64.5,1,0
16,2026-02-24,529.9,66.3,1,0
16,2026-02-25,529.8,62.2,1,0
16,2026-02-26,0.0,0.0,0,0
16,2026-02-27,529.7,61.1,1,0
16,2026-03-02,538.2,56.4,1,0
16,2026-03-03,0.0,0.0,0,0
16,2026-03-04,525.2,59.9,1,0
16,2026-03-05,541.0,63.9,1,0
16,2026-03-06,0.0,0.0,0,0
16,2026-03-09,523.8,59.4,1,0
16,2026-03-10,525.3,59.3,1,0
16,2026-03-11,532.0,63.1,1,0
16,2026-03-12,524.9,63.3,1,0
16,2026-03-13,528.2,64.6,1,0
16,2026-03-16,532.9,61.6,1,0
16,2026-03-17,519.3,59.9,1,0
16,2026-03-18,521.3,63.7,1,0
16,2026-03-19,523.0,63.2,1,0
16,2026-03-20,0.0,0.0,0,0
16,2026-03-23,524.7,64.2,1,0
16,2026-03-24,538.4,61.6,1,0
16,2026-03-25,520.2,63.1,1,0
16,2026-03-26,532.5,69.1,1,0
16,2026-03-27,527.8,61.4,1,0
16,2026-03-30,523.6,65.9,1,0
16,2026-03-31,0.0,0.0,0,0
16,2026-04-01,535.8,67.5,1,0
16,2026-04-02,0.0,0.0,0,0
16,2026-04-03,542.3,65.3,1,0
16,2026-04-06,530.3,63.0,1,0
16,2026-04-07,519.4,57.7,1,0
16,2026-04-08,522.6,60.4,1,0
16,2026-04-09,528.9,63.0,1,0
16,2026-04-10,0.0,0.0,0,0
16,2026-04-13,535.0,64.1,1,0
16,2026-04-14,531.6,69.0,1,0
16,2026-04-15,524.7,61.8,1,0
16,2026-04-16,0.0,0.0,0,0
16,2026-04-17,0.0,0.0,0,0
16,2026-04-20,0.0,0.0,0,1
16,2026-04-21,0.0,0.0,0,1
16,2026-04-22,0.0,0.0,0,1
16,2026-04-23,0.0,0.0,0,1
16,2026-04-24,0.0,0.0,0,1
16,2026-04-27,0.0,0.0,0,1
16,2026-04-28,0.0,0.0,0,1
16,2026-04-29,0.0,0.0,0,1
16,2026-04-30,0.0,0.0,0,1
16,2026-05-01,520.5,59.9,1,0
16,2026-05-04,0.0,0.0,0,0
16,2026-05-05,527.1,60.8,1,0
16,2026-05-06,537.2,62.6,1,0
16,2026-05-07,0.0,0.0,0,0
16,2026-05-08,530.1,59.9,1,0
17,2026-01-05,519.9,55.9,1,0
17,2026-01-06,523.8,52.9,1,0
17,2026-01-07,525.9,59.5,1,0
17,2026-01-08,523.9,58.7,1,0
17,2026-01-09,534.2,57.2,1,0
17,2026-01-12,500.1,62.1,1,0
17,2026-01-13,519.6,59.9,1,0
17,2026-01-14,514.3,59.9,1,0
17,2026-01-15,514.5,61.6,1,0
17,2026-01-16,513.8,56.0,1,0
17,2026-01-19,525.3,55.2,1,0
17,2026-01-20,525.4,58.0,1,0
17,2026-01-21,517.0,57.6,1,0
17,2026-01-22,527.5,55.9,1,0
17,2026-01-23,518.8,55.1,1,0
17,2026-01-26,530.5,58.8,1,0
17,2026-01-27,521.8,57.8,1,0
17,2026-01-28,517.7,59.1,1,0
17,2026-01-29,530.8,52.7,1,0
17,2026-01-30,535.4,57.9,1,0
17,2026-02-02,516.2,62.6,1,0
17,2026-02-03,512.7,56.2,1,0
17,2026-02-04,522.3,62.2,1,0
17,2026-02-05,523.1,54.2,1,0
17,2026-02-06,0.0,0.0,0,0
17,2026-02-09,508.6,57.6,1,0
17,2026-02-10,510.3,55.2,1,0
17,2026-02-11,523.4,61.4,1,0
17,2026-02-12,520.0,56.0,1,0
17,2026-02-13,377.65649775453534,6.4765582513781625,1,1
17,2026-02-16,502.6,55.9,1,0
17,2026-02-17,520.0,54.0,1,0
17,2026-02-18,519.2,59.4,1,0
17,2026-02-19,516.5,56.1,1,0
17,2026-02-20,0.0,0.0,0,0
17,2026-02-23,526.0,60.0,1,0
17,2026-02-24,529.6,55.7,1,0
17,2026-02-25,506.3,52.1,1,0
17,2026-02-26,512.9,52.3,1,0
17,2026-02-27,536.4,62.4,1,0
17,2026-03-02,519.5,60.9,1,0
17,2026-03-03,516.7,5.705323086897251,1,1
17,2026-03-04,523.8,57.8,1,0
17,2026-03-05,519.8,62.4,1,0
17,2026-03-06,523.2,63.4,1,0
17,2026-03-09,532.4,59.9,1,0
17,2026-03-10,509.9,56.2,1,0
17,2026-03-11,522.6,64.1,1,0
17,2026-03-12,526.6,61.7,1,0
17,2026-03-13,511.7,62.5,1,0
17,2026-03-16,524.2,58.8,1,0
17,2026-03-17,310.79091481372404,11.425532838666005,1,1
17,2026-03-18,512.6,55.1,1,0
17,2026-03-19,0.0,0.0,0,0
17,2026-03-20,519.2,58.9,1,0
17,2026-03-23,514.4,62.6,1,0
17,2026-03-24,515.9,59.7,1,0
17,2026-03-25,513.1,61.2,1,0
17,2026-03-26,528.3,62.8,1,0
17,2026-03-27,521.7,61.6,1,0
17,2026-03-30,512.2,60.8,1,0
17,2026-03-31,515.6,55.8,1,0
17,2026-04-01,528.7,57.7,1,0
17,2026-04-02,510.7,59.4,1,0
17,2026-04-03,522.6,57.1,1,0
17,2026-04-06,517.5,57.1,1,0
17,2026-04-07,530.7,50.6,1,0
17,2026-04-08,515.7,57.0,1,0
17,2026-04-09,411.16268781208635,3.2803510752856107,1,1
17,2026-04-10,522.7,56.9,1,0
17,2026-04-13,512.5,62.1,1,0
17,2026-04-14,523.0,57.5,1,0
17,2026-04-15,532.8,57.7,1,0
17,2026-04-16,528.2,56.1,1,0
17,2026-04-17,519.5,58.2,1,0
17,2026-04-20,536.1,59.2,1,0
17,2026-04-21,522.0,58.3,1,0
17,2026-04-22,522.4,59.0,1,0
17,2026-04-23,519.0,60.1,1,0
17,2026-04-24,511.8,67.3,1,0
17,2026-04-27,520.2,53.7,1,0
17,2026-04-28,511.9,56.9,1,0
17,2026-04-29,523.2,59.9,1,0
17,2026-04-30,534.1,54.7,1,0
17,2026-05-01,527.6,60.0,1,0
17,2026-05-04,520.6,56.8,1,0
17,2026-05-05,517.4,52.1,1,0
17,2026-05-06,518.8,56.8,1,0
17,2026-05-07,522.3,55.6,1,0
17,2026-05-08,0.0,0.0,0,0
18,2026-01-05,545.6,57.7,1,0
18,2026-01-06,538.9,64.6,1,0
18,2026-01-07,541.3,67.9,1,0
18,2026-01-08,547.6,61.0,1,0
18,2026-01-09,527.4,65.0,1,0
18,2026-01-12,543.5,61.7,1,0
18,2026-01-13,532.4,60.3,1,0
18,2026-01-14,559.1,64.7,1,0
18,2026-01-15,0.0,0.0,0,0
18,2026-01-16,543.8,60.7,1,0
18,2026-01-19,560.4,63.0,1,0
18,2026-01-20,539.3,64.2,1,0
18,2026-01-21,542.6,63.9,1,0
18,2026-01-22,0.0,0.0,0,0
18,2026-01-23,546.3,65.9,1,0
18,2026-01-26,537.5,58.6,1,0
18,2026-01-27,545.4,60.7,1,0
18,2026-01-28,534.8,61.9,1,0
18,2026-01-29,539.4,66.7,1,0
18,2026-01-30,555.0,60.5,1,0
18,2026-02-02,544.4,57.0,1,0
18,2026-02-03,543.8,64.3,1,0
18,2026-02-04,543.6,59.5,1,0
18,2026-02-05,547.4,63.2,1,0
18,2026-02-06,554.1,64.4,1,0
18,2026-02-09,539.3,59.1,1,0
18,2026-02-10,546.3,57.9,1,0
18,2026-02-11,532.9,61.9,1,0
18,2026-02-12,549.1,63.2,1,0
18,2026-02-13,551.7,60.8,1,0
18,2026-02-16,0.0,0.0,0,0
18,2026-02-17,537.2,63.1,1,0
18,2026-02-18,0.0,0.0,0,0
18,2026-02-19,536.7,62.4,1,0
18,2026-02-20,548.3,62.1,1,0
18,2026-02-23,544.9,59.8,1,0
18,2026-02-24,534.1,63.3,1,0
18,2026-02-25,564.6,60.2,1,0
18,2026-02-26,540.3,62.7,1,0
18,2026-02-27,544.5,65.3,1,0
18,2026-03-02,552.8,63.7,1,0
18,2026-03-03,542.4,69.4,1,0
18,2026-03-04,547.3,59.8,1,0
18,2026-03-05,552.0,60.0,1,0
18,2026-03-06,546.9,60.5,1,0
18,2026-03-09,0.0,0.0,0,0
18,2026-03-10,546.6,62.0,1,0
18,2026-03-11,546.7,62.3,1,0
18,2026-03-12,558.4,58.9,1,0
18,2026-03-13,542.3,67.4,1,0
18,2026-03-16,539.0,59.2,1,0
18,2026-03-17,533.9,60.6,1,0
18,2026-03-18,0.0,0.0,0,0
18,2026-03-19,540.9,57.6,1,0
18,2026-03-20,534.4,64.5,1,0
18,2026-03-23,0.0,0.0,0,0
18,2026-03-24,550.9,59.1,1,0
18,2026-03-25,549.7,61.3,1,0
18,2026-03-26,555.1,59.8,1,0
18,2026-03-27,552.5,64.5,1,0
18,2026-03-30,542.6,56.9,1,0
18,2026-03-31,551.2,58.9,1,0
18,2026-04-01,543.8,62.3,1,0
18,2026-04-02,535.4,61.4,1,0
18,2026-04-03,539.3,66.4,1,0
18,2026-04-06,547.2,67.5,1,0
18,2026-04-07,544.8,63.2,1,0
18,2026-04-08,547.3,58.8,1,0
18,2026-04-09,0.0,0.0,0,0
18,2026-04-10,547.1,56.5,1,0
18,2026-04-13,310.0339631253021,4.221015015850534,1,1
18,2026-04-14,542.5,65.8,1,0
18,2026-04-15,538.3,65.1,1,0
18,2026-04-16,410.11635052442625,63.2,1,1
18,2026-04-17,557.9,63.2,1,0
18,2026-04-20,551.2,58.3,1,0
18,2026-04-21,542.4,64.0,1,0
18,2026-04-22,547.4,61.4,1,0
18,2026-04-23,545.8,52.9,1,0
18,2026-04-24,550.0,63.4,1,0
18,2026-04-27,558.0,63.0,1,0
18,2026-04-28,553.2,63.2,1,0
18,2026-04-29,525.4,60.6,1,0
18,2026-04-30,542.1,64.5,1,0
18,2026-05-01,555.2,61.2,1,0
18,2026-05-04,548.9,66.6,1,0
18,2026-05-05,541.2,64.6,1,0
18,2026-05-06,546.8,61.2,1,0
18,2026-05-07,547.8,64.3,1,0
18,2026-05-08,542.0,63.1,1,0
19,2026-01-05,553.7,69.2,1,0
19,2026-01-06,555.7,64.4,1,0
19,2026-01-07,545.0,66.3,1,0
19,2026-01-08,570.1,66.3,1,0
19,2026-01-09,549.8,72.5,1,0
19,2026-01-12,546.1,75.8,1,0
19,2026-01-13,545.3,67.4,1,0
19,2026-01-14,560.9,73.1,1,0
19,2026-01-15,388.9302888447471,69.9,1,1
19,2026-01-16,545.9,62.3,1,0
19,2026-01-19,547.0,64.0,1,0
19,2026-01-20,544.6,58.1,1,0
19,2026-01-21,0.0,0.0,0,0
19,2026-01-22,549.3,72.1,1,0
19,2026-01-23,561.2,67.5,1,0
19,2026-01-26,547.5,67.4,1,0
19,2026-01-27,555.5,66.9,1,0
19,2026-01-28,562.1,68.8,1,0
19,2026-01-29,555.3,67.3,1,0
19,2026-01-30,554.7,65.7,1,0
19,2026-02-02,541.2,66.5,1,0
19,2026-02-03,548.6,75.1,1,0
19,2026-02-04,564.6,69.9,1,0
19,2026-02-05,547.9,59.9,1,0
19,2026-02-06,558.6,68.0,1,0
19,2026-02-09,564.7,68.7,1,0
19,2026-02-10,546.6,64.3,1,0
19,2026-02-11,555.0,65.7,1,0
19,2026-02-12,549.0,65.4,1,0
19,2026-02-13,542.2,67.0,1,0
19,2026-02-16,563.0,68.4,1,0
19,2026-02-17,548.2,67.2,1,0
19,2026-02-18,0.0,0.0,0,0
19,2026-02-19,553.4,70.8,1,0
19,2026-02-20,560.5,66.1,1,0
19,2026-02-23,556.3,69.7,1,0
19,2026-02-24,557.5,66.5,1,0
19,2026-02-25,558.6,68.8,1,0
19,2026-02-26,563.0,64.9,1,0
19,2026-02-27,567.3,70.2,1,0
19,2026-03-02,556.5,68.0,1,0
19,2026-03-03,546.9,67.4,1,0
19,2026-03-04,556.1,71.0,1,0
19,2026-03-05,545.7,68.5,1,0
19,2026-03-06,552.9,66.7,1,0
19,2026-03-09,536.2,66.4,1,0
19,2026-03-10,547.9,70.3,1,0
19,2026-03-11,553.8,66.7,1,0
19,2026-03-12,553.3,67.3,1,0
19,2026-03-13,556.2,69.8,1,0
19,2026-03-16,545.8,62.3,1,0
19,2026-03-17,556.2,69.1,1,0
19,2026-03-18,568.4,65.7,1,0
19,2026-03-19,561.0,64.6,1,0
19,2026-03-20,555.6,76.1,1,0
19,2026-03-23,567.0,71.2,1,0
19,2026-03-24,546.3,70.7,1,0
19,2026-03-25,567.0,68.2,1,0
19,2026-03-26,0.0,0.0,0,0
19,2026-03-27,551.4,69.5,1,0
19,2026-03-30,559.9,65.0,1,0
19,2026-03-31,553.6,67.7,1,0
19,2026-04-01,564.0,65.0,1,0
19,2026-04-02,554.7,62.9,1,0
19,2026-04-03,554.3,73.5,1,0
19,2026-04-06,540.4,58.2,1,0
19,2026-04-07,553.4,71.0,1,0
19,2026-04-08,557.0,70.1,1,0
19,2026-04-09,550.8,67.6,1,0
19,2026-04-10,554.1,70.5,1,0
19,2026-04-13,543.5,73.5,1,0
19,2026-04-14,549.6,67.4,1,0
19,2026-04-15,551.1,8.083496699839907,1,1
19,2026-04-16,555.6,60.5,1,0
19,2026-04-17,553.0,69.3,1,0
19,2026-04-20,550.4,65.5,1,0
19,2026-04-21,0.0,0.0,0,0
19,2026-04-22,560.2,65.6,1,0
19,2026-04-23,552.2,71.4,1,0
19,2026-04-24,543.6,61.7,1,0
19,2026-04-27,0.0,0.0,0,0
19,2026-04-28,541.3,65.4,1,0
19,2026-04-29,546.0,71.2,1,0
19,2026-04-30,555.7,64.6,1,0
19,2026-05-01,545.1,67.4,1,0
19,2026-05-04,561.4,69.5,1,0
19,2026-05-05,554.4,66.6,1,0
19,2026-05-06,570.5,62.3,1,0
19,2026-05-07,563.9,63.2,1,0
19,2026-05-08,549.9,66.9,1,0
20,2026-01-05,513.9,62.6,1,0
20,2026-01-06,518.2,68.8,1,0
20,2026-01-07,511.3,62.9,1,0
20,2026-01-08,511.3,59.3,1,0
20,2026-01-09,528.3,14.446095266574872,1,1
20,2026-01-12,512.1,60.8,1,0
20,2026-01-13,515.8,61.5,1,0
20,2026-01-14,518.1,63.1,1,0
20,2026-01-15,519.5,65.9,1,0
20,2026-01-16,509.1,59.1,1,0
20,2026-01-19,514.0,62.1,1,0
20,2026-01-20,530.9,63.3,1,0
20,2026-01-21,0.0,0.0,0,0
20,2026-01-22,521.4,62.5,1,0
20,2026-01-23,537.7,66.1,1,0
20,2026-01-26,513.2,60.8,1,0
20,2026-01-27,514.6,63.9,1,0
20,2026-01-28,512.1,66.0,1,0
20,2026-01-29,0.0,0.0,0,0
20,2026-01-30,520.4,63.2,1,0
20,2026-02-02,518.1,64.9,1,0
20,2026-02-03,510.3,58.1,1,0
20,2026-02-04,530.4,63.3,1,0
20,2026-02-05,0.0,0.0,0,0
20,2026-02-06,526.3,59.6,1,0
20,2026-02-09,525.1,61.2,1,0
20,2026-02-10,522.9,57.4,1,0
20,2026-02-11,513.2,63.5,1,0
20,2026-02-12,518.7,60.1,1,0
20,2026-02-13,536.0,66.5,1,0
20,2026-02-16,520.6,64.9,1,0
20,2026-02-17,514.2,62.1,1,0
20,2026-02-18,0.0,0.0,0,0
20,2026-02-19,537.4,62.6,1,0
20,2026-02-20,525.7,59.7,1,0
20,2026-02-23,525.9,63.1,1,0
20,2026-02-24,0.0,0.0,0,0
20,2026-02-25,521.9,61.2,1,0
20,2026-02-26,0.0,0.0,0,0
20,2026-02-27,523.6,61.8,1,0
20,2026-03-02,528.8,54.2,1,0
20,2026-03-03,515.9,62.8,1,0
20,2026-03-04,529.9,60.2,1,0
20,2026-03-05,522.4,57.2,1,0
20,2026-03-06,509.3,63.6,1,0
20,2026-03-09,523.1,60.9,1,0
20,2026-03-10,508.4,62.2,1,0
20,2026-03-11,0.0,0.0,0,0
20,2026-03-12,524.3,65.6,1,0
20,2026-03-13,527.1,62.5,1,0
20,2026-03-16,518.8,61.5,1,0
20,2026-03-17,524.3,63.1,1,0
20,2026-03-18,507.6,63.7,1,0
20,2026-03-19,0.0,0.0,0,0
20,2026-03-20,527.1,58.6,1,0
20,2026-03-23,534.2,63.4,1,0
20,2026-03-24,513.4,60.8,1,0
20,2026-03-25,527.9,60.1,1,0
20,2026-03-26,0.0,0.0,0,0
20,2026-03-27,512.5,61.1,1,0
20,2026-03-30,519.9,61.9,1,0
20,2026-03-31,0.0,0.0,0,0
20,2026-04-01,0.0,0.0,0,0
20,2026-04-02,0.0,0.0,0,1
20,2026-04-03,0.0,0.0,0,1
20,2026-04-06,0.0,0.0,0,1
20,2026-04-07,0.0,0.0,0,1
20,2026-04-08,0.0,0.0,0,1
20,2026-04-09,0.0,0.0,0,1
20,2026-04-10,0.0,0.0,0,1
20,2026-04-13,0.0,0.0,0,1
20,2026-04-14,521.4,62.5,1,0
20,2026-04-15,527.3,59.5,1,0
20,2026-04-16,518.5,63.5,1,0
20,2026-04-17,528.0,60.4,1,0
20,2026-04-20,517.0,62.2,1,0
20,2026-04-21,0.0,0.0,0,0
20,2026-04-22,530.8,62.5,1,0
20,2026-04-23,521.4,64.9,1,0
20,2026-04-24,513.0,60.5,1,0
20,2026-04-27,519.1,64.5,1,0
20,2026-04-28,513.0,60.2,1,0
20,2026-04-29,537.1,63.3,1,0
20,2026-04-30,510.1,62.4,1,0
20,2026-05-01,518.8,65.6,1,0
20,2026-05-04,513.3,59.3,1,0
20,2026-05-05,533.7,65.5,1,0
20,2026-05-06,521.1,59.9,1,0
20,2026-05-07,517.8,61.6,1,0
20,2026-05-08,519.3,61.7,1,0
21,2026-01-05,546.6,62.6,1,0
21,2026-01-06,545.4,63.7,1,0
21,2026-01-07,537.5,62.9,1,0
21,2026-01-08,552.0,64.6,1,0
21,2026-01-09,542.2,63.4,1,0
21,2026-01-12,540.2,63.2,1,0
21,2026-01-13,535.8,62.2,1,0
21,2026-01-14,543.8,61.4,1,0
21,2026-01-15,538.7,54.6,1,0
21,2026-01-16,548.8,58.1,1,0
21,2026-01-19,0.0,0.0,0,0
21,2026-01-20,534.0,63.2,1,0
21,2026-01-21,553.1,62.9,1,0
21,2026-01-22,551.0,65.2,1,0
21,2026-01-23,534.9,64.7,1,0
21,2026-01-26,523.2,63.0,1,0
21,2026-01-27,553.1,63.7,1,0
21,2026-01-28,534.5,57.5,1,0
21,2026-01-29,548.3,69.9,1,0
21,2026-01-30,395.7700496504594,61.9,1,1
21,2026-02-02,0.0,0.0,0,0
21,2026-02-03,538.6,69.5,1,0
21,2026-02-04,526.2,61.2,1,0
21,2026-02-05,539.5,63.0,1,0
21,2026-02-06,0.0,0.0,0,0
21,2026-02-09,531.5,63.9,1,0
21,2026-02-10,540.1,63.5,1,0
21,2026-02-11,541.0,64.7,1,0
21,2026-02-12,0.0,0.0,0,0
21,2026-02-13,551.4,66.0,1,0
21,2026-02-16,530.8,61.4,1,0
21,2026-02-17,542.1,61.7,1,0
21,2026-02-18,0.0,0.0,0,0
21,2026-02-19,526.9,62.5,1,0
21,2026-02-20,532.1,62.0,1,0
21,2026-02-23,543.2,65.4,1,0
21,2026-02-24,536.6,64.8,1,0
21,2026-02-25,533.9,66.8,1,0
21,2026-02-26,544.9,66.0,1,0
21,2026-02-27,551.0,64.4,1,0
21,2026-03-02,543.2,63.3,1,0
21,2026-03-03,543.1,62.2,1,0
21,2026-03-04,0.0,0.0,0,0
21,2026-03-05,535.8,69.3,1,0
21,2026-03-06,538.2,60.5,1,0
21,2026-03-09,534.2,62.6,1,0
21,2026-03-10,0.0,0.0,0,0
21,2026-03-11,546.4,65.6,1,0
21,2026-03-12,541.3,72.9,1,0
21,2026-03-13,542.7,60.6,1,0
21,2026-03-16,551.5,68.3,1,0
21,2026-03-17,546.4,59.4,1,0
21,2026-03-18,399.4206995929607,5.152124410847998,1,1
21,2026-03-19,544.3,65.9,1,0
21,2026-03-20,544.4,60.2,1,0
21,2026-03-23,528.1,57.2,1,0
21,2026-03-24,534.1,65.8,1,0
21,2026-03-25,535.2,65.0,1,0
21,2026-03-26,525.4,63.6,1,0
21,2026-03-27,536.6,69.1,1,0
21,2026-03-30,543.2,60.2,1,0
21,2026-03-31,542.5,64.3,1,0
21,2026-04-01,534.0,66.0,1,0
21,2026-04-02,544.0,60.5,1,0
21,2026-04-03,559.5,63.5,1,0
21,2026-04-06,534.2,63.1,1,0
21,2026-04-07,0.0,0.0,0,0
21,2026-04-08,534.0,60.8,1,0
21,2026-04-09,0.0,0.0,0,0
21,2026-04-10,552.2,68.6,1,0
21,2026-04-13,537.6,67.2,1,0
21,2026-04-14,532.3,60.1,1,0
21,2026-04-15,0.0,0.0,0,0
21,2026-04-16,539.9,66.4,1,0
21,2026-04-17,550.8,57.4,1,0
21,2026-04-20,545.7,58.6,1,0
21,2026-04-21,533.4,63.2,1,0
21,2026-04-22,556.3,60.7,1,0
21,2026-04-23,0.0,0.0,0,0
21,2026-04-24,543.2,64.4,1,0
21,2026-04-27,553.6,66.5,1,0
21,2026-04-28,546.5,65.9,1,0
21,2026-04-29,549.2,63.7,1,0
21,2026-04-30,541.1,57.1,1,0
21,2026-05-01,534.8,59.6,1,0
21,2026-05-04,544.2,63.1,1,0
21,2026-05-05,396.6443435618832,8.071320602353675,1,1
21,2026-05-06,0.0,0.0,0,0
21,2026-05-07,540.1,65.8,1,0
21,2026-05-08,539.7,61.9,1,0
22,2026-01-05,535.8,58.9,1,0
22,2026-01-06,534.0,63.4,1,0
22,2026-01-07,552.6,60.2,1,0
22,2026-01-08,537.9,56.1,1,0
22,2026-01-09,545.6,58.0,1,0
22,2026-01-12,549.5,57.0,1,0
22,2026-01-13,546.3,61.7,1,0
22,2026-01-14,533.0,59.1,1,0
22,2026-01-15,547.6,54.2,1,0
22,2026-01-16,530.9,57.2,1,0
22,2026-01-19,527.0,53.1,1,0
22,2026-01-20,540.7,59.9,1,0
22,2026-01-21,547.8,52.7,1,0
22,2026-01-22,535.9,60.2,1,0
22,2026-01-23,538.4,58.7,1,0
22,2026-01-26,525.7,58.1,1,0
22,2026-01-27,0.0,0.0,0,0
22,2026-01-28,544.6,61.9,1,0
22,2026-01-29,545.8,62.1,1,0
22,2026-01-30,543.3,60.9,1,0
22,2026-02-02,528.7,60.8,1,0
22,2026-02-03,537.0,57.9,1,0
22,2026-02-04,533.4,55.9,1,0
22,2026-02-05,546.4,64.9,1,0
22,2026-02-06,540.9,5.4996794999693055,1,1
22,2026-02-09,530.9,56.0,1,0
22,2026-02-10,537.8,59.0,1,0
22,2026-02-11,538.3,54.0,1,0
22,2026-02-12,538.0,61.5,1,0
22,2026-02-13,525.6,57.9,1,0
22,2026-02-16,539.7,57.4,1,0
22,2026-02-17,552.5,54.9,1,0
22,2026-02-18,543.0,52.4,1,0
22,2026-02-19,543.4,60.7,1,0
22,2026-02-20,537.1,54.8,1,0
22,2026-02-23,530.6,59.5,1,0
22,2026-02-24,550.2,59.1,1,0
22,2026-02-25,536.0,56.6,1,0
22,2026-02-26,535.3,58.8,1,0
22,2026-02-27,531.3,59.9,1,0
22,2026-03-02,530.5,60.0,1,0
22,2026-03-03,538.5,62.2,1,0
22,2026-03-04,544.8,63.7,1,0
22,2026-03-05,530.5,55.8,1,0
22,2026-03-06,519.6,57.4,1,0
22,2026-03-09,544.7,59.1,1,0
22,2026-03-10,543.1,60.2,1,0
22,2026-03-11,534.4,51.3,1,0
22,2026-03-12,532.5,58.2,1,0
22,2026-03-13,534.3,54.3,1,0
22,2026-03-16,541.8,59.2,1,0
22,2026-03-17,526.1,56.1,1,0
22,2026-03-18,535.2,58.2,1,0
22,2026-03-19,544.9,55.0,1,0
22,2026-03-20,543.5,55.6,1,0
22,2026-03-23,537.1,53.8,1,0
22,2026-03-24,540.1,57.3,1,0
22,2026-03-25,532.6,59.8,1,0
22,2026-03-26,539.7,59.1,1,0
22,2026-03-27,531.2,51.4,1,0
22,2026-03-30,528.7,58.4,1,0
22,2026-03-31,0.0,0.0,0,0
22,2026-04-01,528.8,57.8,1,0
22,2026-04-02,552.1,61.0,1,0
22,2026-04-03,530.4,60.1,1,0
22,2026-04-06,542.9,56.1,1,0
22,2026-04-07,539.7,58.7,1,0
22,2026-04-08,533.8,54.0,1,0
22,2026-04-09,541.7,65.5,1,0
22,2026-04-10,0.0,0.0,0,0
22,2026-04-13,532.2,59.5,1,0
22,2026-04-14,528.7,57.6,1,0
22,2026-04-15,545.3,57.0,1,0
22,2026-04-16,543.4,61.4,1,0
22,2026-04-17,541.6,56.6,1,0
22,2026-04-20,546.6,59.2,1,0
22,2026-04-21,550.4,54.8,1,0
22,2026-04-22,539.7,56.3,1,0
22,2026-04-23,536.9,55.0,1,0
22,2026-04-24,539.8,60.8,1,0
22,2026-04-27,0.0,0.0,0,0
22,2026-04-28,541.0,57.4,1,0
22,2026-04-29,540.7,57.0,1,0
22,2026-04-30,0.0,0.0,0,0
22,2026-05-01,543.5,59.1,1,0
22,2026-05-04,528.3,57.3,1,0
22,2026-05-05,540.2,59.4,1,0
22,2026-05-06,532.9,55.9,1,0
22,2026-05-07,0.0,0.0,0,0
22,2026-05-08,0.0,0.0,0,0
23,2026-01-05,539.1,67.2,1,0
23,2026-01-06,540.6,54.5,1,0
23,2026-01-07,545.1,60.8,1,0
23,2026-01-08,543.1,7.479510395805201,1,1
23,2026-01-09,550.7,53.6,1,0
23,2026-01-12,513.1,62.4,1,0
23,2026-01-13,516.5,60.9,1,0
23,2026-01-14,538.2,61.3,1,0
23,2026-01-15,520.4,61.6,1,0
23,2026-01-16,0.0,0.0,0,0
23,2026-01-19,0.0,0.0,0,0
23,2026-01-20,523.2,57.0,1,0
23,2026-01-21,535.7,60.8,1,0
23,2026-01-22,541.5,61.4,1,0
23,2026-01-23,533.9,53.7,1,0
23,2026-01-26,535.4,60.1,1,0
23,2026-01-27,537.3,58.8,1,0
23,2026-01-28,543.3,59.3,1,0
23,2026-01-29,533.8,57.6,1,0
23,2026-01-30,530.9,60.7,1,0
23,2026-02-02,532.9,58.6,1,0
23,2026-02-03,522.1,60.7,1,0
23,2026-02-04,542.1,58.0,1,0
23,2026-02-05,532.3,56.9,1,0
23,2026-02-06,521.4,64.2,1,0
23,2026-02-09,540.1,56.9,1,0
23,2026-02-10,532.5,58.8,1,0
23,2026-02-11,540.6,66.2,1,0
23,2026-02-12,532.1,57.7,1,0
23,2026-02-13,533.1,63.0,1,0
23,2026-02-16,535.5,56.6,1,0
23,2026-02-17,543.4,60.9,1,0
23,2026-02-18,528.9,62.2,1,0
23,2026-02-19,538.4,67.3,1,0
23,2026-02-20,533.4,59.5,1,0
23,2026-02-23,543.6,61.0,1,0
23,2026-02-24,541.7,59.6,1,0
23,2026-02-25,536.5,60.2,1,0
23,2026-02-26,531.0,63.0,1,0
23,2026-02-27,518.1,59.7,1,0
23,2026-03-02,535.6,58.6,1,0
23,2026-03-03,538.9,61.6,1,0
23,2026-03-04,544.4,61.9,1,0
23,2026-03-05,540.0,61.5,1,0
23,2026-03-06,542.3,54.1,1,0
23,2026-03-09,529.4,59.2,1,0
23,2026-03-10,537.9,62.9,1,0
23,2026-03-11,0.0,0.0,0,0
23,2026-03-12,537.2,57.0,1,0
23,2026-03-13,537.9,49.3,1,0
23,2026-03-16,539.8,57.8,1,0
23,2026-03-17,532.5,60.0,1,0
23,2026-03-18,548.5,59.3,1,0
23,2026-03-19,544.9,61.3,1,0
23,2026-03-20,544.2,67.2,1,0
23,2026-03-23,536.2,60.1,1,0
23,2026-03-24,530.5,58.7,1,0
23,2026-03-25,525.8,58.0,1,0
23,2026-03-26,397.9185201411149,61.2,1,1
23,2026-03-27,529.5,63.7,1,0
23,2026-03-30,535.5,58.2,1,0
23,2026-03-31,0.0,0.0,0,0
23,2026-04-01,538.4,66.4,1,0
23,2026-04-02,529.1,60.8,1,0
23,2026-04-03,524.2,61.7,1,0
23,2026-04-06,532.8,58.4,1,0
23,2026-04-07,534.1,57.9,1,0
23,2026-04-08,550.4,61.0,1,0
23,2026-04-09,542.4,61.9,1,0
23,2026-04-10,537.5,58.8,1,0
23,2026-04-13,538.0,58.4,1,0
23,2026-04-14,536.5,59.0,1,0
23,2026-04-15,539.4,62.5,1,0
23,2026-04-16,532.2,58.0,1,0
23,2026-04-17,537.0,60.2,1,0
23,2026-04-20,533.9,53.6,1,0
23,2026-04-21,0.0,0.0,0,0
23,2026-04-22,535.0,55.3,1,0
23,2026-04-23,533.1,59.5,1,0
23,2026-04-24,546.8,61.8,1,0
23,2026-04-27,546.9,61.3,1,0
23,2026-04-28,543.4,62.8,1,0
23,2026-04-29,523.7,57.0,1,0
23,2026-04-30,541.5,59.5,1,0
23,2026-05-01,545.8,63.2,1,0
23,2026-05-04,527.0,61.0,1,0
23,2026-05-05,522.1,58.7,1,0
23,2026-05-06,539.0,65.6,1,0
23,2026-05-07,554.9,60.1,1,0
23,2026-05-08,525.1,62.9,1,0
24,2026-01-05,0.0,0.0,0,0
24,2026-01-06,0.0,0.0,0,0
24,2026-01-07,533.6,57.2,1,0
24,2026-01-08,546.4,58.5,1,0
24,2026-01-09,541.2,56.7,1,0
24,2026-01-12,547.6,63.4,1,0
24,2026-01-13,0.0,0.0,0,0
24,2026-01-14,532.2,59.1,1,0
24,2026-01-15,537.4,58.8,1,0
24,2026-01-16,531.4,56.9,1,0
24,2026-01-19,547.7,56.7,1,0
24,2026-01-20,527.1,59.6,1,0
24,2026-01-21,547.0,6.950238417053307,1,1
24,2026-01-22,532.7,59.0,1,0
24,2026-01-23,534.4,57.8,1,0
24,2026-01-26,531.6,56.7,1,0
24,2026-01-27,555.7,53.8,1,0
24,2026-01-28,526.3,57.1,1,0
24,2026-01-29,538.7,57.9,1,0
24,2026-01-30,528.4,56.7,1,0
24,2026-02-02,521.3,53.9,1,0
24,2026-02-03,540.1,58.1,1,0
24,2026-02-04,519.3,53.0,1,0
24,2026-02-05,511.7,61.1,1,0
24,2026-02-06,540.7,54.7,1,0
24,2026-02-09,559.6,50.6,1,0
24,2026-02-10,0.0,0.0,0,0
24,2026-02-11,529.0,58.7,1,0
24,2026-02-12,535.0,54.7,1,0
24,2026-02-13,522.4,61.1,1,0
24,2026-02-16,522.8,62.2,1,0
24,2026-02-17,549.2,61.1,1,0
24,2026-02-18,533.3,57.8,1,0
24,2026-02-19,0.0,0.0,0,0
24,2026-02-20,535.4,56.8,1,0
24,2026-02-23,544.4,57.4,1,0
24,2026-02-24,529.5,55.8,1,0
24,2026-02-25,528.0,61.9,1,0
24,2026-02-26,533.4,59.5,1,0
24,2026-02-27,538.5,56.9,1,0
24,2026-03-02,535.4,55.9,1,0
24,2026-03-03,541.4,58.1,1,0
24,2026-03-04,526.2,53.0,1,0
24,2026-03-05,546.9,58.0,1,0
24,2026-03-06,535.8,57.3,1,0
24,2026-03-09,538.8,48.5,1,0
24,2026-03-10,525.9,53.1,1,0
24,2026-03-11,537.3,52.5,1,0
24,2026-03-12,540.1,57.6,1,0
24,2026-03-13,399.59683009122557,60.5,1,1
24,2026-03-16,542.5,56.9,1,0
24,2026-03-17,520.3,57.0,1,0
24,2026-03-18,523.3,58.9,1,0
24,2026-03-19,528.8,60.0,1,0
24,2026-03-20,0.0,0.0,0,0
24,2026-03-23,546.9,61.7,1,0
24,2026-03-24,531.6,55.5,1,0
24,2026-03-25,538.3,55.0,1,0
24,2026-03-26,551.0,57.2,1,0
24,2026-03-27,523.2,59.7,1,0
24,2026-03-30,541.0,55.8,1,0
24,2026-03-31,532.7,55.2,1,0
24,2026-04-01,524.4,63.4,1,0
24,2026-04-02,539.1,55.8,1,0
24,2026-04-03,532.1,60.7,1,0
24,2026-04-06,527.0,57.9,1,0
24,2026-04-07,534.7,58.9,1,0
24,2026-04-08,536.8,59.3,1,0
24,2026-04-09,524.8,54.5,1,0
24,2026-04-10,523.3,59.8,1,0
24,2026-04-13,534.6,49.6,1,0
24,2026-04-14,526.8,63.6,1,0
24,2026-04-15,527.5,50.8,1,0
24,2026-04-16,525.2,54.2,1,0
24,2026-04-17,540.2,59.5,1,0
24,2026-04-20,528.5,58.1,1,0
24,2026-04-21,531.3,55.9,1,0
24,2026-04-22,542.1,60.4,1,0
24,2026-04-23,0.0,0.0,0,0
24,2026-04-24,533.6,56.4,1,0
24,2026-04-27,529.5,62.6,1,0
24,2026-04-28,535.4,56.6,1,0
24,2026-04-29,544.4,55.2,1,0
24,2026-04-30,532.3,57.8,1,0
24,2026-05-01,537.5,61.8,1,0
24,2026-05-04,524.9,56.0,1,0
24,2026-05-05,550.0,60.4,1,0
24,2026-05-06,531.9,56.6,1,0
24,2026-05-07,540.2,58.9,1,0
24,2026-05-08,537.3,56.8,1,0
25,2026-01-05,544.2,60.6,1,0
25,2026-01-06,0.0,0.0,0,0
25,2026-01-07,537.2,65.0,1,0
25,2026-01-08,0.0,0.0,0,0
25,2026-01-09,0.0,0.0,0,0
25,2026-01-12,0.0,0.0,0,0
25,2026-01-13,545.9,59.3,1,0
25,2026-01-14,532.9,54.5,1,0
25,2026-01-15,533.2,58.3,1,0
25,2026-01-16,536.7,66.0,1,0
25,2026-01-19,525.0,59.6,1,0
25,2026-01-20,546.2,61.5,1,0
25,2026-01-21,538.9,59.2,1,0
25,2026-01-22,542.7,62.7,1,0
25,2026-01-23,537.8,66.9,1,0
25,2026-01-26,523.5,59.7,1,0
25,2026-01-27,552.0,61.4,1,0
25,2026-01-28,541.0,58.4,1,0
25,2026-01-29,517.4,57.4,1,0
25,2026-01-30,545.1,54.9,1,0
25,2026-02-02,546.4,56.3,1,0
25,2026-02-03,0.0,0.0,0,0
25,2026-02-04,0.0,0.0,0,0
25,2026-02-05,536.5,60.2,1,0
25,2026-02-06,0.0,0.0,0,0
25,2026-02-09,536.5,59.3,1,0
25,2026-02-10,545.1,62.3,1,0
25,2026-02-11,530.4,58.4,1,0
25,2026-02-12,550.2,58.2,1,0
25,2026-02-13,536.8,60.5,1,0
25,2026-02-16,0.0,0.0,0,0
25,2026-02-17,532.1,63.8,1,0
25,2026-02-18,533.3,64.3,1,0
25,2026-02-19,540.0,63.0,1,0
25,2026-02-20,538.2,58.7,1,0
25,2026-02-23,532.8,65.1,1,0
25,2026-02-24,379.7773856489006,14.588226673806014,1,1
25,2026-02-25,0.0,0.0,0,0
25,2026-02-26,538.1,63.4,1,0
25,2026-02-27,537.3,60.7,1,0
25,2026-03-02,537.5,66.1,1,0
25,2026-03-03,536.4,60.2,1,0
25,2026-03-04,530.0,59.1,1,0
25,2026-03-05,538.0,59.2,1,0
25,2026-03-06,550.7,64.4,1,0
25,2026-03-09,534.3,66.1,1,0
25,2026-03-10,536.2,62.8,1,0
25,2026-03-11,0.0,0.0,0,0
25,2026-03-12,540.1,63.5,1,0
25,2026-03-13,538.4,57.3,1,0
25,2026-03-16,533.8,62.1,1,0
25,2026-03-17,533.1,60.8,1,0
25,2026-03-18,541.7,64.1,1,0
25,2026-03-19,536.7,61.8,1,0
25,2026-03-20,542.6,70.0,1,0
25,2026-03-23,537.3,62.9,1,0
25,2026-03-24,546.1,54.2,1,0
25,2026-03-25,0.0,0.0,0,0
25,2026-03-26,543.3,57.2,1,0
25,2026-03-27,528.1,64.4,1,0
25,2026-03-30,538.9,58.1,1,0
25,2026-03-31,550.2,61.0,1,0
25,2026-04-01,529.1,55.1,1,0
25,2026-04-02,539.2,63.6,1,0
25,2026-04-03,550.9,58.5,1,0
25,2026-04-06,529.7,63.7,1,0
25,2026-04-07,525.4,67.0,1,0
25,2026-04-08,0.0,0.0,0,0
25,2026-04-09,548.4,56.3,1,0
25,2026-04-10,721.4489132868382,60.9,1,1
25,2026-04-13,552.4,66.5,1,0
25,2026-04-14,534.0,57.9,1,0
25,2026-04-15,527.3,59.9,1,0
25,2026-04-16,534.3,61.5,1,0
25,2026-04-17,0.0,0.0,0,0
25,2026-04-20,534.8,63.7,1,0
25,2026-04-21,549.8,61.2,1,0
25,2026-04-22,524.0,55.8,1,0
25,2026-04-23,541.3,56.6,1,0
25,2026-04-24,538.5,59.9,1,0
25,2026-04-27,543.3,58.3,1,0
25,2026-04-28,547.8,61.7,1,0
25,2026-04-29,543.4,60.7,1,0
25,2026-04-30,531.8,66.9,1,0
25,2026-05-01,550.7,60.1,1,0
25,2026-05-04,0.0,0.0,0,0
25,2026-05-05,547.5,58.2,1,0
25,2026-05-06,553.1,59.9,1,0
25,2026-05-07,534.1,59.6,1,0
25,2026-05-08,0.0,0.0,0,0
26,2026-01-05,544.9,54.9,1,0
26,2026-01-06,522.7,56.7,1,0
26,2026-01-07,533.4,57.2,1,0
26,2026-01-08,524.8,53.5,1,0
26,2026-01-09,518.6,57.8,1,0
26,2026-01-12,539.8,51.7,1,0
26,2026-01-13,531.3,56.0,1,0
26,2026-01-14,531.0,56.2,1,0
26,2026-01-15,525.9,59.7,1,0
26,2026-01-16,519.7,58.4,1,0
26,2026-01-19,520.3,56.3,1,0
26,2026-01-20,526.5,58.7,1,0
26,2026-01-21,526.0,52.8,1,0
26,2026-01-22,542.0,56.5,1,0
26,2026-01-23,0.0,0.0,0,0
26,2026-01-26,0.0,0.0,0,0
26,2026-01-27,519.8,60.3,1,0
26,2026-01-28,543.1,55.9,1,0
26,2026-01-29,533.1,48.2,1,0
26,2026-01-30,527.6,60.7,1,0
26,2026-02-02,518.9,60.0,1,0
26,2026-02-03,520.7,56.8,1,0
26,2026-02-04,540.3,57.3,1,0
26,2026-02-05,535.2,59.5,1,0
26,2026-02-06,539.3,58.1,1,0
26,2026-02-09,537.9,56.0,1,0
26,2026-02-10,541.7,61.1,1,0
26,2026-02-11,524.3,60.6,1,0
26,2026-02-12,530.5,55.3,1,0
26,2026-02-13,527.8,54.2,1,0
26,2026-02-16,530.1,55.1,1,0
26,2026-02-17,538.3,59.1,1,0
26,2026-02-18,534.0,56.5,1,0
26,2026-02-19,533.3,56.7,1,0
26,2026-02-20,539.6,58.4,1,0
26,2026-02-23,529.3,53.2,1,0
26,2026-02-24,521.0,56.1,1,0
26,2026-02-25,523.6,55.5,1,0
26,2026-02-26,0.0,0.0,0,0
26,2026-02-27,525.2,11.622158720287372,1,1
26,2026-03-02,523.5,56.0,1,0
26,2026-03-03,521.8,53.9,1,0
26,2026-03-04,524.6,52.9,1,0
26,2026-03-05,528.9,50.3,1,0
26,2026-03-06,534.9,57.6,1,0
26,2026-03-09,538.0,60.6,1,0
26,2026-03-10,534.0,56.7,1,0
26,2026-03-11,523.5,56.6,1,0
26,2026-03-12,531.1,54.3,1,0
26,2026-03-13,531.3,55.8,1,0
26,2026-03-16,516.3,52.8,1,0
26,2026-03-17,531.3,56.9,1,0
26,2026-03-18,534.0,59.4,1,0
26,2026-03-19,529.6,59.5,1,0
26,2026-03-20,531.0,60.0,1,0
26,2026-03-23,525.6,55.3,1,0
26,2026-03-24,540.5,51.9,1,0
26,2026-03-25,706.004203535885,52.8,1,1
26,2026-03-26,525.4,51.6,1,0
26,2026-03-27,533.4,59.4,1,0
26,2026-03-30,527.6,56.1,1,0
26,2026-03-31,505.3,53.4,1,0
26,2026-04-01,519.3,55.5,1,0
26,2026-04-02,522.7,56.4,1,0
26,2026-04-03,526.1,54.9,1,0
26,2026-04-06,527.9,51.0,1,0
26,2026-04-07,524.3,60.0,1,0
26,2026-04-08,537.3,53.2,1,0
26,2026-04-09,518.0,54.1,1,0
26,2026-04-10,539.8,52.8,1,0
26,2026-04-13,527.3,58.0,1,0
26,2026-04-14,515.1,57.7,1,0
26,2026-04-15,524.4,56.7,1,0
26,2026-04-16,526.8,55.1,1,0
26,2026-04-17,530.2,54.3,1,0
26,2026-04-20,531.0,61.4,1,0
26,2026-04-21,537.7,54.4,1,0
26,2026-04-22,526.1,55.8,1,0
26,2026-04-23,538.1,14.425227174541567,1,1
26,2026-04-24,533.1,56.9,1,0
26,2026-04-27,517.2,55.8,1,0
26,2026-04-28,532.9,54.3,1,0
26,2026-04-29,519.3,56.0,1,0
26,2026-04-30,541.4,58.0,1,0
26,2026-05-01,527.7,59.5,1,0
26,2026-05-04,526.8,53.0,1,0
26,2026-05-05,547.2,57.4,1,0
26,2026-05-06,527.0,57.8,1,0
26,2026-05-07,523.7,54.3,1,0
26,2026-05-08,525.1,54.9,1,0
27,2026-01-05,525.6,62.6,1,0
27,2026-01-06,528.4,59.6,1,0
27,2026-01-07,515.6,58.5,1,0
27,2026-01-08,517.7,60.6,1,0
27,2026-01-09,510.7,62.8,1,0
27,2026-01-12,517.3,57.0,1,0
27,2026-01-13,535.0,59.1,1,0
27,2026-01-14,532.5,54.9,1,0
27,2026-01-15,543.5,52.2,1,0
27,2026-01-16,518.2,59.5,1,0
27,2026-01-19,530.5,60.0,1,0
27,2026-01-20,0.0,0.0,0,0
27,2026-01-21,528.1,56.8,1,0
27,2026-01-22,539.9,58.4,1,0
27,2026-01-23,543.4,59.1,1,0
27,2026-01-26,538.1,62.1,1,0
27,2026-01-27,512.9,59.1,1,0
27,2026-01-28,510.2,62.8,1,0
27,2026-01-29,535.9,65.8,1,0
27,2026-01-30,527.5,56.6,1,0
27,2026-02-02,520.0,57.0,1,0
27,2026-02-03,520.2,59.3,1,0
27,2026-02-04,517.7,65.5,1,0
27,2026-02-05,536.9,57.3,1,0
27,2026-02-06,520.0,59.3,1,0
27,2026-02-09,536.0,63.9,1,0
27,2026-02-10,525.4,58.0,1,0
27,2026-02-11,514.8,59.0,1,0
27,2026-02-12,508.7,60.2,1,0
27,2026-02-13,532.9,58.6,1,0
27,2026-02-16,527.6,53.4,1,0
27,2026-02-17,522.3,65.8,1,0
27,2026-02-18,531.3,60.0,1,0
27,2026-02-19,513.0,62.1,1,0
27,2026-02-20,538.2,63.3,1,0
27,2026-02-23,0.0,0.0,0,0
27,2026-02-24,513.0,64.7,1,0
27,2026-02-25,535.8,61.9,1,0
27,2026-02-26,521.5,62.3,1,0
27,2026-02-27,521.0,62.4,1,0
27,2026-03-02,517.6,62.1,1,0
27,2026-03-03,527.9,58.9,1,0
27,2026-03-04,0.0,0.0,0,0
27,2026-03-05,536.3,63.0,1,0
27,2026-03-06,521.6,64.5,1,0
27,2026-03-09,518.9,65.9,1,0
27,2026-03-10,538.1,56.1,1,0
27,2026-03-11,540.5,60.4,1,0
27,2026-03-12,514.6,63.6,1,0
27,2026-03-13,523.2,56.6,1,0
27,2026-03-16,0.0,0.0,0,0
27,2026-03-17,523.7,56.8,1,0
27,2026-03-18,521.0,57.0,1,0
27,2026-03-19,518.8,55.9,1,0
27,2026-03-20,529.9,59.2,1,0
27,2026-03-23,518.2,60.5,1,0
27,2026-03-24,521.2,61.5,1,0
27,2026-03-25,536.1,58.9,1,0
27,2026-03-26,523.0,62.1,1,0
27,2026-03-27,520.3,63.6,1,0
27,2026-03-30,0.0,0.0,0,0
27,2026-03-31,0.0,0.0,0,0
27,2026-04-01,526.8,58.9,1,0
27,2026-04-02,515.4,61.1,1,0
27,2026-04-03,519.6,60.1,1,0
27,2026-04-06,519.0,59.9,1,0
27,2026-04-07,542.7,63.5,1,0
27,2026-04-08,533.3,54.4,1,0
27,2026-04-09,520.8,56.2,1,0
27,2026-04-10,525.6,63.1,1,0
27,2026-04-13,527.2,60.4,1,0
27,2026-04-14,519.8,64.5,1,0
27,2026-04-15,538.2,57.9,1,0
27,2026-04-16,0.0,0.0,0,0
27,2026-04-17,521.3,62.2,1,0
27,2026-04-20,502.7,51.1,1,0
27,2026-04-21,533.8,66.0,1,0
27,2026-04-22,513.6,59.1,1,0
27,2026-04-23,515.9,65.3,1,0
27,2026-04-24,527.8,60.3,1,0
27,2026-04-27,536.3,60.5,1,0
27,2026-04-28,527.8,58.6,1,0
27,2026-04-29,529.2,56.0,1,0
27,2026-04-30,0.0,0.0,0,0
27,2026-05-01,533.2,59.7,1,0
27,2026-05-04,514.3,62.6,1,0
27,2026-05-05,520.1,60.3,1,0
27,2026-05-06,510.3,59.6,1,0
27,2026-05-07,520.9,59.6,1,0
27,2026-05-08,523.0,57.2,1,0
28,2026-01-05,0.0,0.0,0,0
28,2026-01-06,547.1,63.7,1,0
28,2026-01-07,540.3,60.4,1,0
28,2026-01-08,527.9,60.8,1,0
28,2026-01-09,533.7,65.4,1,0
28,2026-01-12,545.6,60.9,1,0
28,2026-01-13,540.0,71.0,1,0
28,2026-01-14,534.8,66.0,1,0
28,2026-01-15,526.5,61.4,1,0
28,2026-01-16,536.2,63.0,1,0
28,2026-01-19,550.8,59.7,1,0
28,2026-01-20,547.9,63.9,1,0
28,2026-01-21,528.8,63.3,1,0
28,2026-01-22,541.2,59.8,1,0
28,2026-01-23,540.5,64.5,1,0
28,2026-01-26,536.1,61.8,1,0
28,2026-01-27,538.0,63.7,1,0
28,2026-01-28,523.4,62.3,1,0
28,2026-01-29,540.7,67.6,1,0
28,2026-01-30,545.6,68.1,1,0
28,2026-02-02,553.2,69.5,1,0
28,2026-02-03,545.2,63.4,1,0
28,2026-02-04,536.9,65.8,1,0
28,2026-02-05,538.0,56.9,1,0
28,2026-02-06,537.8,65.3,1,0
28,2026-02-09,542.0,68.3,1,0
28,2026-02-10,558.7,67.2,1,0
28,2026-02-11,551.0,60.5,1,0
28,2026-02-12,551.1,58.4,1,0
28,2026-02-13,543.8,69.9,1,0
28,2026-02-16,552.4,62.3,1,0
28,2026-02-17,529.8,60.7,1,0
28,2026-02-18,530.7,66.2,1,0
28,2026-02-19,529.9,62.4,1,0
28,2026-02-20,537.3,64.1,1,0
28,2026-02-23,548.2,63.0,1,0
28,2026-02-24,540.2,65.4,1,0
28,2026-02-25,0.0,0.0,0,0
28,2026-02-26,533.8,63.4,1,0
28,2026-02-27,545.2,59.2,1,0
28,2026-03-02,536.9,63.4,1,0
28,2026-03-03,534.7,62.8,1,0
28,2026-03-04,540.8,62.0,1,0
28,2026-03-05,543.5,61.6,1,0
28,2026-03-06,540.6,67.6,1,0
28,2026-03-09,545.7,64.1,1,0
28,2026-03-10,0.0,0.0,0,0
28,2026-03-11,541.1,63.2,1,0
28,2026-03-12,538.1,69.0,1,0
28,2026-03-13,536.3,62.6,1,0
28,2026-03-16,544.0,61.5,1,0
28,2026-03-17,529.2,64.4,1,0
28,2026-03-18,522.3,70.0,1,0
28,2026-03-19,540.7,65.7,1,0
28,2026-03-20,541.8,67.0,1,0
28,2026-03-23,553.7,65.5,1,0
28,2026-03-24,546.8,58.6,1,0
28,2026-03-25,535.0,68.5,1,0
28,2026-03-26,548.1,61.9,1,0
28,2026-03-27,537.5,68.7,1,0
28,2026-03-30,547.1,57.5,1,0
28,2026-03-31,542.8,64.6,1,0
28,2026-04-01,536.6,64.1,1,0
28,2026-04-02,521.3,65.7,1,0
28,2026-04-03,532.3,65.0,1,0
28,2026-04-06,547.9,63.6,1,0
28,2026-04-07,546.5,63.7,1,0
28,2026-04-08,534.5,66.5,1,0
28,2026-04-09,531.2,58.9,1,0
28,2026-04-10,535.2,65.0,1,0
28,2026-04-13,529.1,63.8,1,0
28,2026-04-14,542.6,67.7,1,0
28,2026-04-15,544.1,67.1,1,0
28,2026-04-16,538.5,65.2,1,0
28,2026-04-17,544.2,65.7,1,0
28,2026-04-20,547.5,67.5,1,0
28,2026-04-21,527.6,63.6,1,0
28,2026-04-22,530.4,62.9,1,0
28,2026-04-23,544.4,64.5,1,0
28,2026-04-24,542.4,63.8,1,0
28,2026-04-27,536.4,61.6,1,0
28,2026-04-28,535.3,64.0,1,0
28,2026-04-29,538.0,62.7,1,0
28,2026-04-30,559.6,61.7,1,0
28,2026-05-01,565.9,65.2,1,0
28,2026-05-04,546.3,61.2,1,0
28,2026-05-05,537.9,62.7,1,0
28,2026-05-06,544.1,66.9,1,0
28,2026-05-07,536.0,65.8,1,0
28,2026-05-08,540.6,69.4,1,0
29,2026-01-05,540.2,60.6,1,0
29,2026-01-06,546.9,61.9,1,0
29,2026-01-07,556.4,62.8,1,0
29,2026-01-08,539.3,66.2,1,0
29,2026-01-09,412.26821064384103,59.8,1,1
29,2026-01-12,562.6,65.0,1,0
29,2026-01-13,549.3,62.7,1,0
29,2026-01-14,548.7,61.9,1,0
29,2026-01-15,552.2,61.5,1,0
29,2026-01-16,545.3,63.0,1,0
29,2026-01-19,545.6,59.3,1,0
29,2026-01-20,558.3,57.9,1,0
29,2026-01-21,560.2,59.1,1,0
29,2026-01-22,542.1,63.3,1,0
29,2026-01-23,556.1,62.5,1,0
29,2026-01-26,546.0,58.4,1,0
29,2026-01-27,556.3,58.8,1,0
29,2026-01-28,547.8,57.5,1,0
29,2026-01-29,546.9,58.0,1,0
29,2026-01-30,537.7,59.7,1,0
29,2026-02-02,543.2,62.8,1,0
29,2026-02-03,554.8,60.3,1,0
29,2026-02-04,551.1,57.1,1,0
29,2026-02-05,542.7,63.6,1,0
29,2026-02-06,558.7,57.5,1,0
29,2026-02-09,553.3,64.4,1,0
29,2026-02-10,550.5,66.4,1,0
29,2026-02-11,559.0,58.0,1,0
29,2026-02-12,531.5,57.5,1,0
29,2026-02-13,539.7,62.1,1,0
29,2026-02-16,546.2,57.9,1,0
29,2026-02-17,542.5,60.5,1,0
29,2026-02-18,547.8,65.9,1,0
29,2026-02-19,561.3,57.7,1,0
29,2026-02-20,559.7,64.2,1,0
29,2026-02-23,554.6,62.1,1,0
29,2026-02-24,555.1,66.4,1,0
29,2026-02-25,554.7,62.9,1,0
29,2026-02-26,553.9,57.8,1,0
29,2026-02-27,567.5,60.1,1,0
29,2026-03-02,303.5100528074573,58.0,1,1
29,2026-03-03,560.2,61.0,1,0
29,2026-03-04,554.6,59.7,1,0
29,2026-03-05,545.4,64.0,1,0
29,2026-03-06,543.4,60.3,1,0
29,2026-03-09,543.3,61.7,1,0
29,2026-03-10,548.2,61.0,1,0
29,2026-03-11,545.3,61.3,1,0
29,2026-03-12,545.8,60.5,1,0
29,2026-03-13,546.7,61.8,1,0
29,2026-03-16,544.4,60.0,1,0
29,2026-03-17,563.2,60.9,1,0
29,2026-03-18,546.3,60.8,1,0
29,2026-03-19,548.8,58.0,1,0
29,2026-03-20,529.7,57.5,1,0
29,2026-03-23,556.8,64.8,1,0
29,2026-03-24,555.6,59.5,1,0
29,2026-03-25,559.4,61.0,1,0
29,2026-03-26,547.3,66.8,1,0
29,2026-03-27,560.9,65.9,1,0
29,2026-03-30,546.3,57.7,1,0
29,2026-03-31,555.5,60.3,1,0
29,2026-04-01,554.7,55.3,1,0
29,2026-04-02,547.4,62.4,1,0
29,2026-04-03,561.2,60.5,1,0
29,2026-04-06,550.7,61.5,1,0
29,2026-04-07,551.4,59.8,1,0
29,2026-04-08,0.0,0.0,0,0
29,2026-04-09,545.7,59.6,1,0
29,2026-04-10,560.1,60.7,1,0
29,2026-04-13,546.7,62.2,1,0
29,2026-04-14,555.4,62.9,1,0
29,2026-04-15,539.2,58.2,1,0
29,2026-04-16,544.4,57.7,1,0
29,2026-04-17,539.4,60.1,1,0
29,2026-04-20,543.9,61.1,1,0
29,2026-04-21,558.9,60.4,1,0
29,2026-04-22,551.8,56.6,1,0
29,2026-04-23,540.3,60.5,1,0
29,2026-04-24,553.3,56.8,1,0
29,2026-04-27,530.7,62.6,1,0
29,2026-04-28,544.1,60.9,1,0
29,2026-04-29,562.6,56.4,1,0
29,2026-04-30,572.6,60.0,1,0
29,2026-05-01,545.5,52.5,1,0
29,2026-05-04,556.7,58.1,1,0
29,2026-05-05,557.6,55.6,1,0
29,2026-05-06,0.0,0.0,0,0
29,2026-05-07,544.2,60.0,1,0
29,2026-05-08,0.0,0.0,0,0
30,2026-01-05,0.0,0.0,0,0
30,2026-01-06,531.0,60.9,1,0
30,2026-01-07,541.2,62.5,1,0
30,2026-01-08,553.4,63.7,1,0
30,2026-01-09,534.7,52.8,1,0
30,2026-01-12,543.5,57.2,1,0
30,2026-01-13,535.7,58.1,1,0
30,2026-01-14,533.7,59.1,1,0
30,2026-01-15,544.3,63.1,1,0
30,2026-01-16,542.6,52.4,1,0
30,2026-01-19,0.0,0.0,0,0
30,2026-01-20,530.2,58.4,1,0
30,2026-01-21,0.0,0.0,0,0
30,2026-01-22,538.0,57.5,1,0
30,2026-01-23,545.4,58.9,1,0
30,2026-01-26,536.2,59.8,1,0
30,2026-01-27,539.4,61.9,1,0
30,2026-01-28,548.9,60.0,1,0
30,2026-01-29,537.5,57.5,1,0
30,2026-01-30,0.0,0.0,0,0
30,2026-02-02,534.4,59.9,1,0
30,2026-02-03,538.0,62.3,1,0
30,2026-02-04,543.5,50.4,1,0
30,2026-02-05,545.3,60.8,1,0
30,2026-02-06,540.9,58.9,1,0
30,2026-02-09,0.0,0.0,0,0
30,2026-02-10,0.0,0.0,0,0
30,2026-02-11,0.0,0.0,0,0
30,2026-02-12,0.0,0.0,0,0
30,2026-02-13,554.6,58.6,1,0
30,2026-02-16,538.5,54.0,1,0
30,2026-02-17,525.2,57.7,1,0
30,2026-02-18,537.7,60.1,1,0
30,2026-02-19,754.280945191506,57.0,1,1
30,2026-02-20,536.4,62.3,1,0
30,2026-02-23,545.0,59.9,1,0
30,2026-02-24,0.0,0.0,0,0
30,2026-02-25,0.0,0.0,0,0
30,2026-02-26,0.0,0.0,0,1
30,2026-02-27,0.0,0.0,0,1
30,2026-03-02,0.0,0.0,0,1
30,2026-03-03,0.0,0.0,0,1
30,2026-03-04,0.0,0.0,0,1
30,2026-03-05,0.0,0.0,0,1
30,2026-03-06,0.0,0.0,0,1
30,2026-03-09,539.4,57.6,1,0
30,2026-03-10,555.3,60.3,1,0
30,2026-03-11,548.6,60.8,1,0
30,2026-03-12,548.1,59.8,1,0
30,2026-03-13,548.6,59.9,1,0
30,2026-03-16,554.8,58.0,1,0
30,2026-03-17,545.9,57.6,1,0
30,2026-03-18,539.7,57.9,1,0
30,2026-03-19,537.4,60.2,1,0
30,2026-03-20,547.0,51.6,1,0
30,2026-03-23,538.1,60.8,1,0
30,2026-03-24,541.0,59.1,1,0
30,2026-03-25,553.3,59.3,1,0
30,2026-03-26,0.0,0.0,0,0
30,2026-03-27,547.9,54.0,1,0
30,2026-03-30,538.9,61.6,1,0
30,2026-03-31,533.1,65.3,1,0
30,2026-04-01,551.7,59.8,1,0
30,2026-04-02,542.2,13.536838265944821,1,1
30,2026-04-03,533.9,58.2,1,0
30,2026-04-06,544.6,55.0,1,0
30,2026-04-07,542.5,57.8,1,0
30,2026-04-08,541.2,55.9,1,0
30,2026-04-09,542.4,59.2,1,0
30,2026-04-10,552.0,57.8,1,0
30,2026-04-13,537.1,63.4,1,0
30,2026-04-14,540.5,63.5,1,0
30,2026-04-15,0.0,0.0,0,0
30,2026-04-16,541.2,60.4,1,0
30,2026-04-17,542.6,60.3,1,0
30,2026-04-20,541.1,58.5,1,0
30,2026-04-21,0.0,0.0,0,0
30,2026-04-22,539.5,58.0,1,0
30,2026-04-23,542.2,64.8,1,0
30,2026-04-24,539.3,60.1,1,0
30,2026-04-27,549.4,55.4,1,0
30,2026-04-28,546.2,63.1,1,0
30,2026-04-29,553.6,59.0,1,0
30,2026-04-30,518.6,54.8,1,0
30,2026-05-01,542.0,61.3,1,0
30,2026-05-04,533.7,58.2,1,0
30,2026-05-05,544.4,57.0,1,0
30,2026-05-06,537.6,56.8,1,0
30,2026-05-07,551.2,59.0,1,0
30,2026-05-08,550.0,65.8,1,0
31,2026-01-05,542.7,61.1,1,0
31,2026-01-06,537.5,63.7,1,0
31,2026-01-07,540.2,66.5,1,0
31,2026-01-08,527.6,62.7,1,0
31,2026-01-09,544.5,66.4,1,0
31,2026-01-12,0.0,0.0,0,0
31,2026-01-13,0.0,0.0,0,0
31,2026-01-14,538.8,61.5,1,0
31,2026-01-15,549.1,67.8,1,0
31,2026-01-16,552.0,63.5,1,0
31,2026-01-19,538.4,64.3,1,0
31,2026-01-20,540.1,65.2,1,0
31,2026-01-21,556.6,61.4,1,0
31,2026-01-22,0.0,0.0,0,0
31,2026-01-23,538.0,68.0,1,0
31,2026-01-26,0.0,0.0,0,0
31,2026-01-27,536.7,61.5,1,0
31,2026-01-28,551.5,64.6,1,0
31,2026-01-29,532.1,65.4,1,0
31,2026-01-30,526.0,64.0,1,0
31,2026-02-02,0.0,0.0,0,0
31,2026-02-03,554.4,66.9,1,0
31,2026-02-04,540.2,64.5,1,0
31,2026-02-05,534.8,69.5,1,0
31,2026-02-06,551.1,63.6,1,0
31,2026-02-09,547.0,63.1,1,0
31,2026-02-10,526.1,66.3,1,0
31,2026-02-11,540.7,67.5,1,0
31,2026-02-12,532.1,61.4,1,0
31,2026-02-13,544.0,58.8,1,0
31,2026-02-16,545.0,64.1,1,0
31,2026-02-17,544.3,63.3,1,0
31,2026-02-18,543.6,62.1,1,0
31,2026-02-19,546.3,69.2,1,0
31,2026-02-20,546.9,60.6,1,0
31,2026-02-23,542.0,68.6,1,0
31,2026-02-24,540.6,68.1,1,0
31,2026-02-25,533.6,72.6,1,0
31,2026-02-26,542.0,66.0,1,0
31,2026-02-27,541.0,64.4,1,0
31,2026-03-02,533.6,71.4,1,0
31,2026-03-03,547.3,63.9,1,0
31,2026-03-04,768.9633545354164,60.3,1,1
31,2026-03-05,539.3,68.4,1,0
31,2026-03-06,0.0,0.0,0,0
31,2026-03-09,535.3,69.3,1,0
31,2026-03-10,547.0,12.305023430346797,1,1
31,2026-03-11,531.5,60.8,1,0
31,2026-03-12,0.0,0.0,0,0
31,2026-03-13,545.7,65.3,1,0
31,2026-03-16,546.3,62.1,1,0
31,2026-03-17,548.2,63.0,1,0
31,2026-03-18,547.7,61.8,1,0
31,2026-03-19,553.7,65.0,1,0
31,2026-03-20,543.7,69.7,1,0
31,2026-03-23,542.5,67.0,1,0
31,2026-03-24,551.7,63.6,1,0
31,2026-03-25,559.5,65.8,1,0
31,2026-03-26,552.0,61.4,1,0
31,2026-03-27,552.6,65.8,1,0
31,2026-03-30,542.6,57.8,1,0
31,2026-03-31,413.7560909235165,10.73496404173327,1,1
31,2026-04-01,547.1,66.1,1,0
31,2026-04-02,547.2,66.8,1,0
31,2026-04-03,559.5,59.9,1,0
31,2026-04-06,536.6,65.5,1,0
31,2026-04-07,540.6,68.0,1,0
31,2026-04-08,0.0,0.0,0,0
31,2026-04-09,409.8457456969297,5.786426333776349,1,1
31,2026-04-10,542.1,64.4,1,0
31,2026-04-13,549.5,64.8,1,0
31,2026-04-14,0.0,0.0,0,0
31,2026-04-15,542.3,63.2,1,0
31,2026-04-16,548.2,10.628195113191417,1,1
31,2026-04-17,536.0,67.2,1,0
31,2026-04-20,0.0,0.0,0,0
31,2026-04-21,543.0,69.5,1,0
31,2026-04-22,0.0,0.0,0,0
31,2026-04-23,0.0,0.0,0,0
31,2026-04-24,531.4,60.8,1,0
31,2026-04-27,542.5,63.5,1,0
31,2026-04-28,0.0,0.0,0,0
31,2026-04-29,555.7,62.7,1,0
31,2026-04-30,548.9,64.3,1,0
31,2026-05-01,0.0,0.0,0,0
31,2026-05-04,549.3,68.2,1,0
31,2026-05-05,536.6,67.2,1,0
31,2026-05-06,531.2,61.6,1,0
31,2026-05-07,547.3,64.1,1,0
31,2026-05-08,529.0,61.6,1,0
32,2026-01-05,0.0,0.0,0,0
32,2026-01-06,534.1,60.7,1,0
32,2026-01-07,520.9,56.3,1,0
32,2026-01-08,534.4,55.0,1,0
32,2026-01-09,548.2,55.7,1,0
32,2026-01-12,541.4,55.1,1,0
32,2026-01-13,528.4,55.7,1,0
32,2026-01-14,0.0,0.0,0,0
32,2026-01-15,540.4,57.0,1,0
32,2026-01-16,540.2,57.9,1,0
32,2026-01-19,522.7,59.1,1,0
32,2026-01-20,531.0,61.1,1,0
32,2026-01-21,547.4,57.2,1,0
32,2026-01-22,531.1,52.3,1,0
32,2026-01-23,536.9,59.3,1,0
32,2026-01-26,0.0,0.0,0,0
32,2026-01-27,521.9,63.5,1,0
32,2026-01-28,545.7,54.5,1,0
32,2026-01-29,539.3,54.9,1,0
32,2026-01-30,534.9,58.7,1,0
32,2026-02-02,539.5,62.0,1,0
32,2026-02-03,548.1,55.5,1,0
32,2026-02-04,538.2,54.1,1,0
32,2026-02-05,0.0,0.0,0,0
32,2026-02-06,527.4,58.4,1,0
32,2026-02-09,533.7,57.1,1,0
32,2026-02-10,531.3,57.7,1,0
32,2026-02-11,0.0,0.0,0,0
32,2026-02-12,536.8,53.1,1,0
32,2026-02-13,530.2,63.4,1,0
32,2026-02-16,537.7,58.1,1,0
32,2026-02-17,544.2,61.0,1,0
32,2026-02-18,535.8,51.7,1,0
32,2026-02-19,527.9,56.8,1,0
32,2026-02-20,537.5,52.2,1,0
32,2026-02-23,524.5,54.8,1,0
32,2026-02-24,0.0,0.0,0,0
32,2026-02-25,543.5,62.0,1,0
32,2026-02-26,546.3,52.9,1,0
32,2026-02-27,530.3,54.5,1,0
32,2026-03-02,541.8,60.1,1,0
32,2026-03-03,535.3,58.9,1,0
32,2026-03-04,538.6,57.9,1,0
32,2026-03-05,521.2,56.9,1,0
32,2026-03-06,536.5,62.2,1,0
32,2026-03-09,0.0,0.0,0,0
32,2026-03-10,540.3,51.1,1,0
32,2026-03-11,537.2,48.6,1,0
32,2026-03-12,543.1,60.3,1,0
32,2026-03-13,541.3,58.0,1,0
32,2026-03-16,531.7,57.7,1,0
32,2026-03-17,544.4,61.9,1,0
32,2026-03-18,531.0,54.4,1,0
32,2026-03-19,538.6,58.3,1,0
32,2026-03-20,0.0,0.0,0,0
32,2026-03-23,525.6,59.2,1,0
32,2026-03-24,547.3,59.4,1,0
32,2026-03-25,535.8,63.7,1,0
32,2026-03-26,533.8,61.6,1,0
32,2026-03-27,554.1,55.1,1,0
32,2026-03-30,544.1,53.7,1,0
32,2026-03-31,533.7,60.4,1,0
32,2026-04-01,537.9,56.1,1,0
32,2026-04-02,566.5,59.4,1,0
32,2026-04-03,523.9,55.4,1,0
32,2026-04-06,530.0,57.3,1,0
32,2026-04-07,544.2,56.8,1,0
32,2026-04-08,545.0,57.2,1,0
32,2026-04-09,540.0,60.4,1,0
32,2026-04-10,527.7,57.0,1,0
32,2026-04-13,530.1,54.8,1,0
32,2026-04-14,530.5,58.9,1,0
32,2026-04-15,523.4,59.6,1,0
32,2026-04-16,541.6,14.666655489222602,1,1
32,2026-04-17,0.0,0.0,0,0
32,2026-04-20,522.1,61.1,1,0
32,2026-04-21,541.1,55.2,1,0
32,2026-04-22,532.6,53.4,1,0
32,2026-04-23,539.4,59.3,1,0
32,2026-04-24,539.7,58.7,1,0
32,2026-04-27,538.8,60.5,1,0
32,2026-04-28,542.1,53.4,1,0
32,2026-04-29,534.0,56.6,1,0
32,2026-04-30,539.3,58.5,1,0
32,2026-05-01,0.0,0.0,0,0
32,2026-05-04,543.0,58.4,1,0
32,2026-05-05,532.7,52.1,1,0
32,2026-05-06,0.0,0.0,0,0
32,2026-05-07,532.7,55.6,1,0
32,2026-05-08,525.0,59.4,1,0
33,2026-01-05,555.3,63.1,1,0
33,2026-01-06,350.8352999632686,9.08820604356207,1,1
33,2026-01-07,570.1,60.6,1,0
33,2026-01-08,565.0,63.7,1,0
33,2026-01-09,568.1,6.843013541332183,1,1
33,2026-01-12,570.6,63.9,1,0
33,2026-01-13,0.0,0.0,0,0
33,2026-01-14,557.7,66.3,1,0
33,2026-01-15,571.0,69.4,1,0
33,2026-01-16,561.8,67.6,1,0
33,2026-01-19,567.5,60.4,1,0
33,2026-01-20,566.7,65.4,1,0
33,2026-01-21,570.2,61.9,1,0
33,2026-01-22,563.4,60.9,1,0
33,2026-01-23,558.9,68.1,1,0
33,2026-01-26,565.0,66.1,1,0
33,2026-01-27,555.9,65.5,1,0
33,2026-01-28,557.4,66.8,1,0
33,2026-01-29,556.2,62.5,1,0
33,2026-01-30,0.0,0.0,0,0
33,2026-02-02,573.5,63.0,1,0
33,2026-02-03,555.4,62.3,1,0
33,2026-02-04,569.9,64.0,1,0
33,2026-02-05,566.9,63.8,1,0
33,2026-02-06,562.8,65.0,1,0
33,2026-02-09,567.8,60.8,1,0
33,2026-02-10,569.4,68.7,1,0
33,2026-02-11,358.9275331843087,5.285204688350896,1,1
33,2026-02-12,558.7,60.9,1,0
33,2026-02-13,567.7,62.3,1,0
33,2026-02-16,562.0,68.2,1,0
33,2026-02-17,567.5,66.0,1,0
33,2026-02-18,567.8,65.1,1,0
33,2026-02-19,568.3,64.2,1,0
33,2026-02-20,566.5,65.1,1,0
33,2026-02-23,556.8,63.3,1,0
33,2026-02-24,570.1,65.7,1,0
33,2026-02-25,571.2,67.7,1,0
33,2026-02-26,558.3,63.4,1,0
33,2026-02-27,569.5,65.5,1,0
33,2026-03-02,563.3,63.8,1,0
33,2026-03-03,573.0,61.3,1,0
33,2026-03-04,561.0,65.7,1,0
33,2026-03-05,578.8,63.1,1,0
33,2026-03-06,571.1,61.7,1,0
33,2026-03-09,564.1,62.8,1,0
33,2026-03-10,575.1,62.5,1,0
33,2026-03-11,568.8,60.1,1,0
33,2026-03-12,0.0,0.0,0,0
33,2026-03-13,571.3,62.8,1,0
33,2026-03-16,555.9,64.7,1,0
33,2026-03-17,559.8,62.5,1,0
33,2026-03-18,570.1,57.0,1,0
33,2026-03-19,570.5,66.4,1,0
33,2026-03-20,551.4,66.3,1,0
33,2026-03-23,570.6,63.7,1,0
33,2026-03-24,560.0,66.9,1,0
33,2026-03-25,584.2,71.0,1,0
33,2026-03-26,0.0,0.0,0,0
33,2026-03-27,565.6,67.8,1,0
33,2026-03-30,553.8,68.8,1,0
33,2026-03-31,566.0,60.6,1,0
33,2026-04-01,551.7,67.1,1,0
33,2026-04-02,568.5,61.8,1,0
33,2026-04-03,568.1,63.3,1,0
33,2026-04-06,556.1,62.0,1,0
33,2026-04-07,579.9,57.8,1,0
33,2026-04-08,582.9,64.6,1,0
33,2026-04-09,563.9,66.9,1,0
33,2026-04-10,568.1,64.3,1,0
33,2026-04-13,0.0,0.0,0,0
33,2026-04-14,568.6,61.4,1,0
33,2026-04-15,562.5,64.7,1,0
33,2026-04-16,564.9,67.1,1,0
33,2026-04-17,562.5,64.4,1,0
33,2026-04-20,357.4854886553548,3.596745040772613,1,1
33,2026-04-21,560.0,63.7,1,0
33,2026-04-22,567.7,69.0,1,0
33,2026-04-23,576.9,63.2,1,0
33,2026-04-24,564.4,60.8,1,0
33,2026-04-27,563.2,62.3,1,0
33,2026-04-28,557.1,66.6,1,0
33,2026-04-29,575.5,63.1,1,0
33,2026-04-30,567.7,66.5,1,0
33,2026-05-01,552.9,67.3,1,0
33,2026-05-04,572.6,66.4,1,0
33,2026-05-05,558.9,66.3,1,0
33,2026-05-06,573.7,63.8,1,0
33,2026-05-07,569.6,65.2,1,0
33,2026-05-08,568.1,67.9,1,0
34,2026-01-05,553.1,65.7,1,0
34,2026-01-06,541.1,60.0,1,0
34,2026-01-07,541.8,64.7,1,0
34,2026-01-08,530.5,65.1,1,0
34,2026-01-09,341.6925990684424,66.1,1,1
34,2026-01-12,541.5,64.3,1,0
34,2026-01-13,0.0,0.0,0,0
34,2026-01-14,0.0,0.0,0,0
34,2026-01-15,528.7,68.2,1,0
34,2026-01-16,535.3,59.0,1,0
34,2026-01-19,537.1,63.1,1,0
34,2026-01-20,0.0,0.0,0,0
34,2026-01-21,0.0,0.0,0,0
34,2026-01-22,542.4,60.5,1,0
34,2026-01-23,528.6,61.4,1,0
34,2026-01-26,544.2,59.8,1,0
34,2026-01-27,539.5,63.8,1,0
34,2026-01-28,535.3,63.0,1,0
34,2026-01-29,541.0,57.2,1,0
34,2026-01-30,555.7,58.3,1,0
34,2026-02-02,537.5,62.4,1,0
34,2026-02-03,548.5,62.4,1,0
34,2026-02-04,538.4,61.1,1,0
34,2026-02-05,524.8,63.0,1,0
34,2026-02-06,543.0,64.2,1,0
34,2026-02-09,537.4,65.1,1,0
34,2026-02-10,335.71393636530877,64.5,1,1
34,2026-02-11,541.0,59.9,1,0
34,2026-02-12,530.3,62.3,1,0
34,2026-02-13,527.6,62.0,1,0
34,2026-02-16,530.0,61.0,1,0
34,2026-02-17,534.4,64.9,1,0
34,2026-02-18,523.5,62.1,1,0
34,2026-02-19,542.6,60.5,1,0
34,2026-02-20,539.3,60.8,1,0
34,2026-02-23,536.8,62.0,1,0
34,2026-02-24,537.8,63.8,1,0
34,2026-02-25,545.2,63.0,1,0
34,2026-02-26,540.2,60.4,1,0
34,2026-02-27,555.6,65.8,1,0
34,2026-03-02,546.2,59.5,1,0
34,2026-03-03,778.3044135683831,66.6,1,1
34,2026-03-04,535.5,68.7,1,0
34,2026-03-05,553.9,62.7,1,0
34,2026-03-06,536.9,65.0,1,0
34,2026-03-09,531.1,61.1,1,0
34,2026-03-10,538.3,60.6,1,0
34,2026-03-11,548.2,60.8,1,0
34,2026-03-12,529.7,59.4,1,0
34,2026-03-13,539.6,59.2,1,0
34,2026-03-16,530.8,63.5,1,0
34,2026-03-17,0.0,0.0,0,0
34,2026-03-18,524.4,63.4,1,0
34,2026-03-19,0.0,0.0,0,0
34,2026-03-20,552.5,67.1,1,0
34,2026-03-23,541.7,59.2,1,0
34,2026-03-24,538.4,65.8,1,0
34,2026-03-25,326.14623698125985,4.095113337925834,1,1
34,2026-03-26,533.3,59.7,1,0
34,2026-03-27,537.7,61.7,1,0
34,2026-03-30,539.5,63.7,1,0
34,2026-03-31,537.1,63.3,1,0
34,2026-04-01,534.9,61.9,1,0
34,2026-04-02,530.5,67.5,1,0
34,2026-04-03,0.0,0.0,0,0
34,2026-04-06,0.0,0.0,0,0
34,2026-04-07,556.9,60.6,1,0
34,2026-04-08,536.4,62.4,1,0
34,2026-04-09,538.3,51.5,1,0
34,2026-04-10,0.0,0.0,0,0
34,2026-04-13,0.0,0.0,0,0
34,2026-04-14,549.8,61.6,1,0
34,2026-04-15,0.0,0.0,0,0
34,2026-04-16,545.5,60.4,1,0
34,2026-04-17,537.9,66.3,1,0
34,2026-04-20,551.3,59.9,1,0
34,2026-04-21,534.1,62.8,1,0
34,2026-04-22,544.6,62.9,1,0
34,2026-04-23,546.4,67.3,1,0
34,2026-04-24,524.7,63.6,1,0
34,2026-04-27,538.3,63.8,1,0
34,2026-04-28,537.2,61.8,1,0
34,2026-04-29,0.0,0.0,0,0
34,2026-04-30,529.5,58.5,1,0
34,2026-05-01,530.3,57.4,1,0
34,2026-05-04,544.8,61.0,1,0
34,2026-05-05,540.9,63.9,1,0
34,2026-05-06,518.5,61.4,1,0
34,2026-05-07,536.1,62.2,1,0
34,2026-05-08,540.0,66.6,1,0
35,2026-01-05,558.7,58.5,1,0
35,2026-01-06,555.3,60.0,1,0
35,2026-01-07,564.7,59.4,1,0
35,2026-01-08,555.4,55.6,1,0
35,2026-01-09,550.5,61.3,1,0
35,2026-01-12,551.1,59.0,1,0
35,2026-01-13,560.0,61.4,1,0
35,2026-01-14,550.9,63.1,1,0
35,2026-01-15,542.4,55.9,1,0
35,2026-01-16,563.1,57.7,1,0
35,2026-01-19,551.8,61.2,1,0
35,2026-01-20,549.3,55.5,1,0
35,2026-01-21,562.9,59.8,1,0
35,2026-01-22,563.4,57.8,1,0
35,2026-01-23,564.8,59.7,1,0
35,2026-01-26,571.8,60.7,1,0
35,2026-01-27,561.2,61.6,1,0
35,2026-01-28,0.0,0.0,0,0
35,2026-01-29,556.1,56.0,1,0
35,2026-01-30,0.0,0.0,0,0
35,2026-02-02,561.2,60.4,1,0
35,2026-02-03,551.5,56.9,1,0
35,2026-02-04,565.4,57.9,1,0
35,2026-02-05,557.0,59.6,1,0
35,2026-02-06,543.1,57.2,1,0
35,2026-02-09,564.8,60.6,1,0
35,2026-02-10,536.0,54.1,1,0
35,2026-02-11,569.3,57.4,1,0
35,2026-02-12,549.7,59.7,1,0
35,2026-02-13,550.8,57.5,1,0
35,2026-02-16,0.0,0.0,0,0
35,2026-02-17,562.3,57.5,1,0
35,2026-02-18,555.7,60.8,1,0
35,2026-02-19,0.0,0.0,0,0
35,2026-02-20,553.5,58.2,1,0
35,2026-02-23,551.9,55.0,1,0
35,2026-02-24,539.7,61.4,1,0
35,2026-02-25,0.0,0.0,0,0
35,2026-02-26,554.6,59.3,1,0
35,2026-02-27,554.8,51.4,1,0
35,2026-03-02,556.9,64.4,1,0
35,2026-03-03,542.6,58.5,1,0
35,2026-03-04,0.0,0.0,0,0
35,2026-03-05,561.6,60.6,1,0
35,2026-03-06,564.6,63.2,1,0
35,2026-03-09,557.2,58.5,1,0
35,2026-03-10,560.1,59.0,1,0
35,2026-03-11,562.6,64.5,1,0
35,2026-03-12,551.4,60.6,1,0
35,2026-03-13,549.3,65.2,1,0
35,2026-03-16,0.0,0.0,0,0
35,2026-03-17,567.6,58.2,1,0
35,2026-03-18,543.5,59.0,1,0
35,2026-03-19,559.5,60.8,1,0
35,2026-03-20,552.7,61.8,1,0
35,2026-03-23,555.2,61.6,1,0
35,2026-03-24,559.0,54.5,1,0
35,2026-03-25,544.2,63.8,1,0
35,2026-03-26,540.3,59.9,1,0
35,2026-03-27,541.5,61.1,1,0
35,2026-03-30,545.2,57.8,1,0
35,2026-03-31,563.9,62.8,1,0
35,2026-04-01,534.1,60.7,1,0
35,2026-04-02,563.4,60.9,1,0
35,2026-04-03,549.3,65.3,1,0
35,2026-04-06,544.3,62.4,1,0
35,2026-04-07,544.1,64.1,1,0
35,2026-04-08,550.5,56.1,1,0
35,2026-04-09,553.3,63.7,1,0
35,2026-04-10,549.4,58.0,1,0
35,2026-04-13,565.2,53.9,1,0
35,2026-04-14,552.6,56.4,1,0
35,2026-04-15,542.7,58.1,1,0
35,2026-04-16,549.5,59.3,1,0
35,2026-04-17,566.1,61.0,1,0
35,2026-04-20,552.2,57.9,1,0
35,2026-04-21,0.0,0.0,0,0
35,2026-04-22,552.1,61.7,1,0
35,2026-04-23,559.2,61.3,1,0
35,2026-04-24,560.6,63.4,1,0
35,2026-04-27,546.6,65.9,1,0
35,2026-04-28,542.1,61.2,1,0
35,2026-04-29,555.0,62.5,1,0
35,2026-04-30,549.5,53.9,1,0
35,2026-05-01,0.0,0.0,0,0
35,2026-05-04,0.0,0.0,0,0
35,2026-05-05,557.6,7.1798510420064545,1,1
35,2026-05-06,558.1,61.1,1,0
35,2026-05-07,544.8,61.2,1,0
35,2026-05-08,560.7,60.5,1,0
36,2026-01-05,523.6,60.7,1,0
36,2026-01-06,0.0,0.0,0,0
36,2026-01-07,518.0,61.8,1,0
36,2026-01-08,534.4,57.8,1,0
36,2026-01-09,536.8,59.2,1,0
36,2026-01-12,525.4,66.1,1,0
36,2026-01-13,519.0,68.0,1,0
36,2026-01-14,523.0,61.5,1,0
36,2026-01-15,536.4,65.6,1,0
36,2026-01-16,532.9,64.3,1,0
36,2026-01-19,509.4,65.9,1,0
36,2026-01-20,515.7,62.1,1,0
36,2026-01-21,525.3,58.1,1,0
36,2026-01-22,534.0,61.8,1,0
36,2026-01-23,528.9,59.4,1,0
36,2026-01-26,515.3,62.5,1,0
36,2026-01-27,0.0,0.0,0,0
36,2026-01-28,539.1,62.9,1,0
36,2026-01-29,509.9,61.0,1,0
36,2026-01-30,527.5,56.3,1,0
36,2026-02-02,528.9,66.6,1,0
36,2026-02-03,508.0,59.8,1,0
36,2026-02-04,0.0,0.0,0,0
36,2026-02-05,504.2,61.4,1,0
36,2026-02-06,526.0,65.5,1,0
36,2026-02-09,513.2,67.1,1,0
36,2026-02-10,526.8,59.4,1,0
36,2026-02-11,516.8,66.3,1,0
36,2026-02-12,0.0,0.0,0,0
36,2026-02-13,520.9,55.2,1,0
36,2026-02-16,538.4,59.7,1,0
36,2026-02-17,531.2,67.2,1,0
36,2026-02-18,522.7,63.0,1,0
36,2026-02-19,521.4,64.0,1,0
36,2026-02-20,543.0,64.1,1,0
36,2026-02-23,517.4,64.3,1,0
36,2026-02-24,0.0,0.0,0,0
36,2026-02-25,531.5,62.9,1,0
36,2026-02-26,537.4,66.3,1,0
36,2026-02-27,540.1,58.5,1,0
36,2026-03-02,518.0,61.1,1,0
36,2026-03-03,535.8,59.3,1,0
36,2026-03-04,526.8,62.2,1,0
36,2026-03-05,553.5,64.0,1,0
36,2026-03-06,515.6,61.8,1,0
36,2026-03-09,529.7,64.1,1,0
36,2026-03-10,404.5098695272573,5.584517594587471,1,1
36,2026-03-11,531.1,65.4,1,0
36,2026-03-12,529.4,65.9,1,0
36,2026-03-13,533.3,65.5,1,0
36,2026-03-16,0.0,0.0,0,0
36,2026-03-17,0.0,0.0,0,0
36,2026-03-18,532.6,54.8,1,0
36,2026-03-19,534.5,61.0,1,0
36,2026-03-20,517.4,61.2,1,0
36,2026-03-23,520.5,60.5,1,0
36,2026-03-24,523.7,68.4,1,0
36,2026-03-25,0.0,0.0,0,0
36,2026-03-26,521.4,61.0,1,0
36,2026-03-27,513.4,59.1,1,0
36,2026-03-30,534.6,57.4,1,0
36,2026-03-31,0.0,0.0,0,0
36,2026-04-01,523.9,66.0,1,0
36,2026-04-02,525.6,67.1,1,0
36,2026-04-03,519.9,63.2,1,0
36,2026-04-06,529.3,64.3,1,0
36,2026-04-07,527.4,62.4,1,0
36,2026-04-08,362.25463851548864,64.2,1,1
36,2026-04-09,533.4,60.1,1,0
36,2026-04-10,500.4,62.6,1,0
36,2026-04-13,529.2,56.8,1,0
36,2026-04-14,529.7,59.7,1,0
36,2026-04-15,521.5,62.7,1,0
36,2026-04-16,533.6,63.0,1,0
36,2026-04-17,522.3,64.7,1,0
36,2026-04-20,524.6,61.6,1,0
36,2026-04-21,517.9,57.2,1,0
36,2026-04-22,533.7,57.4,1,0
36,2026-04-23,534.6,64.5,1,0
36,2026-04-24,518.4,12.270774483506155,1,1
36,2026-04-27,526.7,62.2,1,0
36,2026-04-28,529.4,64.2,1,0
36,2026-04-29,526.9,67.8,1,0
36,2026-04-30,536.2,60.6,1,0
36,2026-05-01,535.8,61.9,1,0
36,2026-05-04,529.7,60.1,1,0
36,2026-05-05,535.0,65.5,1,0
36,2026-05-06,524.9,63.4,1,0
36,2026-05-07,544.8,63.5,1,0
36,2026-05-08,535.5,61.7,1,0
37,2026-01-05,564.7,51.0,1,0
37,2026-01-06,556.6,51.5,1,0
37,2026-01-07,559.1,51.7,1,0
37,2026-01-08,541.7,53.4,1,0
37,2026-01-09,549.7,49.2,1,0
37,2026-01-12,569.4,50.2,1,0
37,2026-01-13,544.4,52.4,1,0
37,2026-01-14,0.0,0.0,0,0
37,2026-01-15,549.8,50.5,1,0
37,2026-01-16,526.0,52.0,1,0
37,2026-01-19,546.8,55.9,1,0
37,2026-01-20,540.8,59.6,1,0
37,2026-01-21,562.4,53.8,1,0
37,2026-01-22,548.8,53.2,1,0
37,2026-01-23,544.7,52.6,1,0
37,2026-01-26,0.0,0.0,0,0
37,2026-01-27,545.6,49.9,1,0
37,2026-01-28,555.5,53.7,1,0
37,2026-01-29,534.4,54.7,1,0
37,2026-01-30,558.6,55.5,1,0
37,2026-02-02,553.5,51.1,1,0
37,2026-02-03,537.1,55.7,1,0
37,2026-02-04,548.2,52.6,1,0
37,2026-02-05,562.5,63.0,1,0
37,2026-02-06,547.6,55.2,1,0
37,2026-02-09,544.7,49.5,1,0
37,2026-02-10,558.6,48.5,1,0
37,2026-02-11,0.0,0.0,0,0
37,2026-02-12,552.4,57.6,1,0
37,2026-02-13,345.08962934481093,48.7,1,1
37,2026-02-16,0.0,0.0,0,0
37,2026-02-17,543.0,53.2,1,0
37,2026-02-18,550.5,50.8,1,0
37,2026-02-19,549.6,56.6,1,0
37,2026-02-20,544.4,48.3,1,0
37,2026-02-23,706.291389995532,49.3,1,1
37,2026-02-24,0.0,0.0,0,0
37,2026-02-25,563.4,53.8,1,0
37,2026-02-26,543.8,55.6,1,0
37,2026-02-27,546.6,53.9,1,0
37,2026-03-02,539.0,50.0,1,0
37,2026-03-03,552.1,56.5,1,0
37,2026-03-04,556.7,53.0,1,0
37,2026-03-05,339.7921640865618,13.80821235610633,1,1
37,2026-03-06,552.4,52.9,1,0
37,2026-03-09,548.8,49.4,1,0
37,2026-03-10,545.7,50.3,1,0
37,2026-03-11,558.0,53.9,1,0
37,2026-03-12,0.0,0.0,0,0
37,2026-03-13,557.2,46.1,1,0
37,2026-03-16,537.1,49.1,1,0
37,2026-03-17,569.5,58.4,1,0
37,2026-03-18,554.9,47.7,1,0
37,2026-03-19,547.7,50.9,1,0
37,2026-03-20,548.3,55.9,1,0
37,2026-03-23,552.7,50.7,1,0
37,2026-03-24,554.5,50.0,1,0
37,2026-03-25,550.4,51.3,1,0
37,2026-03-26,550.9,51.0,1,0
37,2026-03-27,549.9,51.5,1,0
37,2026-03-30,555.4,52.2,1,0
37,2026-03-31,543.9,52.0,1,0
37,2026-04-01,542.1,54.5,1,0
37,2026-04-02,549.2,51.6,1,0
37,2026-04-03,546.8,47.1,1,0
37,2026-04-06,558.2,57.3,1,0
37,2026-04-07,562.3,55.6,1,0
37,2026-04-08,550.0,53.9,1,0
37,2026-04-09,555.3,51.3,1,0
37,2026-04-10,567.9,54.1,1,0
37,2026-04-13,556.4,54.1,1,0
37,2026-04-14,559.3,55.5,1,0
37,2026-04-15,546.5,54.5,1,0
37,2026-04-16,549.6,61.4,1,0
37,2026-04-17,559.8,50.7,1,0
37,2026-04-20,572.6,50.4,1,0
37,2026-04-21,551.9,50.8,1,0
37,2026-04-22,547.8,55.3,1,0
37,2026-04-23,0.0,0.0,0,0
37,2026-04-24,550.3,48.6,1,0
37,2026-04-27,539.9,50.2,1,0
37,2026-04-28,547.4,48.8,1,0
37,2026-04-29,544.1,52.7,1,0
37,2026-04-30,557.8,54.7,1,0
37,2026-05-01,549.5,52.6,1,0
37,2026-05-04,542.7,59.4,1,0
37,2026-05-05,552.0,49.8,1,0
37,2026-05-06,545.1,50.4,1,0
37,2026-05-07,544.3,55.4,1,0
37,2026-05-08,544.9,52.2,1,0
38,2026-01-05,542.8,57.0,1,0
38,2026-01-06,0.0,0.0,0,0
38,2026-01-07,0.0,0.0,0,0
38,2026-01-08,0.0,0.0,0,0
38,2026-01-09,547.4,58.4,1,0
38,2026-01-12,0.0,0.0,0,0
38,2026-01-13,549.6,67.1,1,0
38,2026-01-14,562.4,62.9,1,0
38,2026-01-15,556.7,59.8,1,0
38,2026-01-16,0.0,0.0,0,0
38,2026-01-19,554.0,61.2,1,0
38,2026-01-20,0.0,0.0,0,0
38,2026-01-21,0.0,0.0,0,1
38,2026-01-22,0.0,0.0,0,1
38,2026-01-23,0.0,0.0,0,1
38,2026-01-26,0.0,0.0,0,1
38,2026-01-27,0.0,0.0,0,1
38,2026-01-28,0.0,0.0,0,1
38,2026-01-29,0.0,0.0,0,1
38,2026-01-30,0.0,0.0,0,1
38,2026-02-02,0.0,0.0,0,1
38,2026-02-03,537.3,61.2,1,0
38,2026-02-04,557.5,60.1,1,0
38,2026-02-05,560.5,57.7,1,0
38,2026-02-06,545.9,57.2,1,0
38,2026-02-09,551.8,63.7,1,0
38,2026-02-10,0.0,0.0,0,0
38,2026-02-11,551.7,64.2,1,0
38,2026-02-12,543.5,65.7,1,0
38,2026-02-13,548.3,52.4,1,0
38,2026-02-16,552.7,61.2,1,0
38,2026-02-17,547.3,59.8,1,0
38,2026-02-18,557.0,60.2,1,0
38,2026-02-19,551.3,59.3,1,0
38,2026-02-20,0.0,0.0,0,0
38,2026-02-23,553.8,56.2,1,0
38,2026-02-24,535.8,60.3,1,0
38,2026-02-25,551.0,62.8,1,0
38,2026-02-26,555.1,58.6,1,0
38,2026-02-27,551.9,59.0,1,0
38,2026-03-02,559.8,63.9,1,0
38,2026-03-03,545.4,59.5,1,0
38,2026-03-04,561.1,69.0,1,0
38,2026-03-05,548.6,62.6,1,0
38,2026-03-06,550.8,59.6,1,0
38,2026-03-09,552.9,60.3,1,0
38,2026-03-10,552.0,57.1,1,0
38,2026-03-11,0.0,0.0,0,0
38,2026-03-12,542.2,62.8,1,0
38,2026-03-13,559.3,55.0,1,0
38,2026-03-16,548.1,63.7,1,0
38,2026-03-17,557.1,65.5,1,0
38,2026-03-18,562.6,57.7,1,0
38,2026-03-19,557.9,56.3,1,0
38,2026-03-20,552.7,64.1,1,0
38,2026-03-23,552.4,62.4,1,0
38,2026-03-24,0.0,0.0,0,0
38,2026-03-25,555.7,60.8,1,0
38,2026-03-26,551.3,65.6,1,0
38,2026-03-27,0.0,0.0,0,0
38,2026-03-30,538.3,60.7,1,0
38,2026-03-31,558.6,61.2,1,0
38,2026-04-01,557.8,64.2,1,0
38,2026-04-02,564.5,60.4,1,0
38,2026-04-03,557.2,63.2,1,0
38,2026-04-06,0.0,0.0,0,0
38,2026-04-07,567.5,62.7,1,0
38,2026-04-08,540.8,61.8,1,0
38,2026-04-09,553.6,61.0,1,0
38,2026-04-10,551.1,63.7,1,0
38,2026-04-13,553.4,64.5,1,0
38,2026-04-14,557.8,65.9,1,0
38,2026-04-15,551.9,62.4,1,0
38,2026-04-16,545.7,59.3,1,0
38,2026-04-17,556.1,60.9,1,0
38,2026-04-20,547.4,62.4,1,0
38,2026-04-21,542.9,57.0,1,0
38,2026-04-22,540.9,62.5,1,0
38,2026-04-23,564.9,63.1,1,0
38,2026-04-24,569.9,53.9,1,0
38,2026-04-27,558.7,59.8,1,0
38,2026-04-28,551.6,61.3,1,0
38,2026-04-29,0.0,0.0,0,0
38,2026-04-30,547.5,61.7,1,0
38,2026-05-01,559.5,62.8,1,0
38,2026-05-04,542.9,55.8,1,0
38,2026-05-05,575.1,64.7,1,0
38,2026-05-06,384.1798734220989,63.0,1,1
38,2026-05-07,562.9,60.4,1,0
38,2026-05-08,0.0,0.0,0,0
39,2026-01-05,542.9,58.4,1,0
39,2026-01-06,0.0,0.0,0,0
39,2026-01-07,544.9,67.7,1,0
39,2026-01-08,559.6,62.8,1,0
39,2026-01-09,536.8,67.4,1,0
39,2026-01-12,554.0,63.0,1,0
39,2026-01-13,545.0,64.5,1,0
39,2026-01-14,542.4,65.6,1,0
39,2026-01-15,534.7,63.6,1,0
39,2026-01-16,547.0,60.9,1,0
39,2026-01-19,545.5,67.1,1,0
39,2026-01-20,539.6,66.0,1,0
39,2026-01-21,551.0,62.1,1,0
39,2026-01-22,546.8,63.0,1,0
39,2026-01-23,539.0,68.3,1,0
39,2026-01-26,559.0,62.1,1,0
39,2026-01-27,530.5,64.7,1,0
39,2026-01-28,528.4,73.1,1,0
39,2026-01-29,536.3,67.5,1,0
39,2026-01-30,549.3,61.0,1,0
39,2026-02-02,525.2,67.3,1,0
39,2026-02-03,533.9,64.6,1,0
39,2026-02-04,538.2,69.1,1,0
39,2026-02-05,545.4,60.9,1,0
39,2026-02-06,533.9,69.8,1,0
39,2026-02-09,544.4,67.7,1,0
39,2026-02-10,538.7,67.9,1,0
39,2026-02-11,530.5,63.7,1,0
39,2026-02-12,543.6,58.9,1,0
39,2026-02-13,549.7,63.2,1,0
39,2026-02-16,538.5,65.3,1,0
39,2026-02-17,0.0,0.0,0,0
39,2026-02-18,527.2,59.1,1,0
39,2026-02-19,538.6,65.4,1,0
39,2026-02-20,0.0,0.0,0,0
39,2026-02-23,541.6,65.3,1,0
39,2026-02-24,548.3,66.3,1,0
39,2026-02-25,546.2,59.1,1,0
39,2026-02-26,539.7,64.0,1,0
39,2026-02-27,0.0,0.0,0,0
39,2026-03-02,0.0,0.0,0,0
39,2026-03-03,0.0,0.0,0,1
39,2026-03-04,0.0,0.0,0,1
39,2026-03-05,0.0,0.0,0,1
39,2026-03-06,0.0,0.0,0,1
39,2026-03-09,0.0,0.0,0,1
39,2026-03-10,538.1,61.4,1,0
39,2026-03-11,529.7,62.0,1,0
39,2026-03-12,539.3,73.8,1,0
39,2026-03-13,0.0,0.0,0,0
39,2026-03-16,528.9,63.4,1,0
39,2026-03-17,547.0,63.2,1,0
39,2026-03-18,536.8,60.4,1,0
39,2026-03-19,537.2,64.8,1,0
39,2026-03-20,538.4,63.8,1,0
39,2026-03-23,544.6,62.5,1,0
39,2026-03-24,550.8,64.0,1,0
39,2026-03-25,0.0,0.0,0,0
39,2026-03-26,0.0,0.0,0,0
39,2026-03-27,0.0,0.0,0,1
39,2026-03-30,0.0,0.0,0,1
39,2026-03-31,0.0,0.0,0,1
39,2026-04-01,0.0,0.0,0,1
39,2026-04-02,0.0,0.0,0,1
39,2026-04-03,0.0,0.0,0,0
39,2026-04-06,388.1235246121272,66.6,1,1
39,2026-04-07,546.9,59.2,1,0
39,2026-04-08,523.8,61.9,1,0
39,2026-04-09,556.7,65.3,1,0
39,2026-04-10,538.5,66.0,1,0
39,2026-04-13,535.7,68.9,1,0
39,2026-04-14,534.3,64.6,1,0
39,2026-04-15,535.3,64.8,1,0
39,2026-04-16,0.0,0.0,0,0
39,2026-04-17,539.3,64.5,1,0
39,2026-04-20,535.9,60.6,1,0
39,2026-04-21,548.9,65.7,1,0
39,2026-04-22,562.4,60.2,1,0
39,2026-04-23,550.2,60.9,1,0
39,2026-04-24,537.2,62.5,1,0
39,2026-04-27,543.8,65.9,1,0
39,2026-04-28,527.1,65.4,1,0
39,2026-04-29,555.0,70.2,1,0
39,2026-04-30,532.8,66.3,1,0
39,2026-05-01,546.4,63.5,1,0
39,2026-05-04,540.3,65.0,1,0
39,2026-05-05,545.4,63.8,1,0
39,2026-05-06,542.2,65.1,1,0
39,2026-05-07,546.6,64.0,1,0
39,2026-05-08,544.8,62.2,1,0
40,2026-01-05,507.0,54.8,1,0
40,2026-01-06,520.5,55.4,1,0
40,2026-01-07,530.5,59.0,1,0
40,2026-01-08,538.0,57.8,1,0
40,2026-01-09,517.9,50.6,1,0
40,2026-01-12,521.9,57.9,1,0
40,2026-01-13,523.4,55.2,1,0
40,2026-01-14,522.1,54.9,1,0
40,2026-01-15,534.2,59.2,1,0
40,2026-01-16,507.0,55.5,1,0
40,2026-01-19,523.1,53.9,1,0
40,2026-01-20,721.2315792194265,52.1,1,1
40,2026-01-21,516.4,55.9,1,0
40,2026-01-22,531.4,58.3,1,0
40,2026-01-23,529.9,60.0,1,0
40,2026-01-26,509.4,54.3,1,0
40,2026-01-27,519.1,60.8,1,0
40,2026-01-28,524.8,59.3,1,0
40,2026-01-29,525.5,58.6,1,0
40,2026-01-30,521.8,58.4,1,0
40,2026-02-02,535.8,51.2,1,0
40,2026-02-03,530.3,58.5,1,0
40,2026-02-04,527.3,58.1,1,0
40,2026-02-05,518.5,56.5,1,0
40,2026-02-06,514.8,55.3,1,0
40,2026-02-09,0.0,0.0,0,0
40,2026-02-10,524.0,54.3,1,0
40,2026-02-11,519.8,55.0,1,0
40,2026-02-12,518.4,57.5,1,0
40,2026-02-13,386.82858765794555,9.94720069572174,1,1
40,2026-02-16,518.1,51.1,1,0
40,2026-02-17,518.5,53.0,1,0
40,2026-02-18,534.1,60.5,1,0
40,2026-02-19,541.2,54.8,1,0
40,2026-02-20,532.5,50.4,1,0
40,2026-02-23,528.3,55.6,1,0
40,2026-02-24,0.0,0.0,0,0
40,2026-02-25,524.0,58.9,1,0
40,2026-02-26,517.5,52.2,1,0
40,2026-02-27,527.2,56.9,1,0
40,2026-03-02,506.4,57.2,1,0
40,2026-03-03,529.6,4.823370305942401,1,1
40,2026-03-04,525.3,63.0,1,0
40,2026-03-05,525.2,57.0,1,0
40,2026-03-06,515.1,48.4,1,0
40,2026-03-09,536.3,57.1,1,0
40,2026-03-10,511.7,55.3,1,0
40,2026-03-11,718.1350879208335,54.2,1,1
40,2026-03-12,535.2,55.7,1,0
40,2026-03-13,516.7,52.1,1,0
40,2026-03-16,0.0,0.0,0,0
40,2026-03-17,520.1,58.2,1,0
40,2026-03-18,532.6,54.8,1,0
40,2026-03-19,519.6,53.2,1,0
40,2026-03-20,522.4,50.8,1,0
40,2026-03-23,508.9,56.4,1,0
40,2026-03-24,521.1,57.7,1,0
40,2026-03-25,515.5,55.5,1,0
40,2026-03-26,517.1,53.8,1,0
40,2026-03-27,520.2,62.7,1,0
40,2026-03-30,516.0,54.8,1,0
40,2026-03-31,530.5,51.0,1,0
40,2026-04-01,519.4,58.0,1,0
40,2026-04-02,535.2,57.5,1,0
40,2026-04-03,530.5,52.5,1,0
40,2026-04-06,527.6,52.9,1,0
40,2026-04-07,525.1,56.7,1,0
40,2026-04-08,530.8,56.5,1,0
40,2026-04-09,525.0,54.1,1,0
40,2026-04-10,545.1,56.5,1,0
40,2026-04-13,518.5,59.0,1,0
40,2026-04-14,530.2,56.6,1,0
40,2026-04-15,534.3,56.8,1,0
40,2026-04-16,0.0,0.0,0,0
40,2026-04-17,516.9,53.8,1,0
40,2026-04-20,310.1952311209933,6.146073037803289,1,1
40,2026-04-21,520.1,53.0,1,0
40,2026-04-22,522.4,56.0,1,0
40,2026-04-23,523.6,55.7,1,0
40,2026-04-24,517.9,59.2,1,0
40,2026-04-27,406.5849674063456,54.5,1,1
40,2026-04-28,512.5,54.4,1,0
40,2026-04-29,532.7,56.9,1,0
40,2026-04-30,520.2,58.6,1,0
40,2026-05-01,523.5,55.9,1,0
40,2026-05-04,545.7,54.7,1,0
40,2026-05-05,0.0,0.0,0,0
40,2026-05-06,518.0,57.5,1,0
40,2026-05-07,519.4,55.7,1,0
40,2026-05-08,0.0,0.0,0,0
41,2026-01-05,540.4,61.7,1,0
41,2026-01-06,539.4,63.7,1,0
41,2026-01-07,516.4,59.2,1,0
41,2026-01-08,529.2,65.1,1,0
41,2026-01-09,526.4,58.6,1,0
41,2026-01-12,527.6,70.1,1,0
41,2026-01-13,518.7,64.0,1,0
41,2026-01-14,529.7,64.2,1,0
41,2026-01-15,513.2,64.9,1,0
41,2026-01-16,526.9,66.6,1,0
41,2026-01-19,528.4,61.7,1,0
41,2026-01-20,0.0,0.0,0,0
41,2026-01-21,0.0,0.0,0,0
41,2026-01-22,532.3,62.8,1,0
41,2026-01-23,525.3,64.0,1,0
41,2026-01-26,507.5,64.2,1,0
41,2026-01-27,515.3,66.2,1,0
41,2026-01-28,523.4,69.7,1,0
41,2026-01-29,530.9,65.3,1,0
41,2026-01-30,542.3,66.6,1,0
41,2026-02-02,515.1,65.8,1,0
41,2026-02-03,514.8,65.4,1,0
41,2026-02-04,530.5,65.5,1,0
41,2026-02-05,0.0,0.0,0,1
41,2026-02-06,0.0,0.0,0,0
41,2026-02-09,0.0,0.0,0,1
41,2026-02-10,0.0,0.0,0,1
41,2026-02-11,0.0,0.0,0,1
41,2026-02-12,0.0,0.0,0,1
41,2026-02-13,0.0,0.0,0,1
41,2026-02-16,527.5,68.0,1,0
41,2026-02-17,523.8,63.0,1,0
41,2026-02-18,532.8,67.1,1,0
41,2026-02-19,527.7,65.9,1,0
41,2026-02-20,0.0,0.0,0,0
41,2026-02-23,519.8,63.4,1,0
41,2026-02-24,536.3,60.1,1,0
41,2026-02-25,523.4,66.5,1,0
41,2026-02-26,0.0,0.0,0,0
41,2026-02-27,515.0,65.6,1,0
41,2026-03-02,521.0,63.4,1,0
41,2026-03-03,518.2,61.6,1,0
41,2026-03-04,526.9,66.2,1,0
41,2026-03-05,526.0,63.1,1,0
41,2026-03-06,535.6,67.4,1,0
41,2026-03-09,0.0,0.0,0,0
41,2026-03-10,523.4,61.9,1,0
41,2026-03-11,532.9,65.8,1,0
41,2026-03-12,533.0,64.6,1,0
41,2026-03-13,520.6,65.4,1,0
41,2026-03-16,515.3,66.7,1,0
41,2026-03-17,539.0,59.9,1,0
41,2026-03-18,520.7,61.2,1,0
41,2026-03-19,540.4,64.6,1,0
41,2026-03-20,511.6,59.0,1,0
41,2026-03-23,521.2,63.5,1,0
41,2026-03-24,525.5,67.2,1,0
41,2026-03-25,511.1,61.7,1,0
41,2026-03-26,0.0,0.0,0,0
41,2026-03-27,516.5,69.2,1,0
41,2026-03-30,0.0,0.0,0,0
41,2026-03-31,539.0,64.1,1,0
41,2026-04-01,520.3,60.0,1,0
41,2026-04-02,543.8,66.0,1,0
41,2026-04-03,0.0,0.0,0,0
41,2026-04-06,533.6,60.1,1,0
41,2026-04-07,521.8,70.0,1,0
41,2026-04-08,522.7,62.1,1,0
41,2026-04-09,0.0,0.0,0,0
41,2026-04-10,527.6,66.5,1,0
41,2026-04-13,0.0,0.0,0,0
41,2026-04-14,0.0,0.0,0,0
41,2026-04-15,520.7,65.8,1,0
41,2026-04-16,529.9,65.3,1,0
41,2026-04-17,532.6,59.4,1,0
41,2026-04-20,524.1,59.8,1,0
41,2026-04-21,523.3,68.1,1,0
41,2026-04-22,534.5,65.1,1,0
41,2026-04-23,527.3,66.3,1,0
41,2026-04-24,525.2,59.2,1,0
41,2026-04-27,0.0,0.0,0,0
41,2026-04-28,507.6,69.5,1,0
41,2026-04-29,521.2,60.8,1,0
41,2026-04-30,517.4,61.1,1,0
41,2026-05-01,527.2,66.0,1,0
41,2026-05-04,534.6,64.1,1,0
41,2026-05-05,520.9,58.7,1,0
41,2026-05-06,519.8,62.3,1,0
41,2026-05-07,522.6,66.0,1,0
41,2026-05-08,0.0,0.0,0,0
42,2026-01-05,513.0,57.1,1,0
42,2026-01-06,513.5,57.0,1,0
42,2026-01-07,519.1,52.4,1,0
42,2026-01-08,517.4,54.1,1,0
42,2026-01-09,526.7,55.6,1,0
42,2026-01-12,0.0,0.0,0,0
42,2026-01-13,523.0,53.3,1,0
42,2026-01-14,523.0,62.7,1,0
42,2026-01-15,524.9,55.7,1,0
42,2026-01-16,517.2,55.7,1,0
42,2026-01-19,528.5,55.8,1,0
42,2026-01-20,516.7,50.9,1,0
42,2026-01-21,0.0,0.0,0,0
42,2026-01-22,527.0,55.7,1,0
42,2026-01-23,518.4,52.5,1,0
42,2026-01-26,533.1,55.2,1,0
42,2026-01-27,530.4,53.6,1,0
42,2026-01-28,519.7,51.4,1,0
42,2026-01-29,524.0,53.4,1,0
42,2026-01-30,517.9,61.2,1,0
42,2026-02-02,523.3,54.1,1,0
42,2026-02-03,517.1,56.9,1,0
42,2026-02-04,520.8,58.1,1,0
42,2026-02-05,525.8,53.2,1,0
42,2026-02-06,523.3,52.4,1,0
42,2026-02-09,503.1,55.1,1,0
42,2026-02-10,509.8,58.0,1,0
42,2026-02-11,530.1,56.0,1,0
42,2026-02-12,523.0,56.9,1,0
42,2026-02-13,507.8,55.1,1,0
42,2026-02-16,528.3,53.6,1,0
42,2026-02-17,502.3,55.3,1,0
42,2026-02-18,528.5,59.1,1,0
42,2026-02-19,518.0,53.6,1,0
42,2026-02-20,521.3,51.0,1,0
42,2026-02-23,523.4,54.2,1,0
42,2026-02-24,527.5,57.0,1,0
42,2026-02-25,508.9,52.0,1,0
42,2026-02-26,377.0212123250957,12.387166167487285,1,1
42,2026-02-27,525.6,53.9,1,0
42,2026-03-02,526.6,53.2,1,0
42,2026-03-03,506.9,53.1,1,0
42,2026-03-04,513.6,57.3,1,0
42,2026-03-05,514.8,54.3,1,0
42,2026-03-06,509.9,56.9,1,0
42,2026-03-09,513.5,53.7,1,0
42,2026-03-10,507.4,53.5,1,0
42,2026-03-11,523.5,54.4,1,0
42,2026-03-12,523.9,57.2,1,0
42,2026-03-13,531.6,58.8,1,0
42,2026-03-16,512.6,51.8,1,0
42,2026-03-17,519.8,49.5,1,0
42,2026-03-18,529.6,56.6,1,0
42,2026-03-19,512.9,55.7,1,0
42,2026-03-20,522.8,56.7,1,0
42,2026-03-23,510.2,55.5,1,0
42,2026-03-24,518.5,57.4,1,0
42,2026-03-25,530.5,56.1,1,0
42,2026-03-26,517.3,49.6,1,0
42,2026-03-27,516.7,56.4,1,0
42,2026-03-30,509.3,5.729451777037605,1,1
42,2026-03-31,521.6,53.1,1,0
42,2026-04-01,528.0,57.7,1,0
42,2026-04-02,532.4,57.7,1,0
42,2026-04-03,509.8,58.0,1,0
42,2026-04-06,507.6,54.2,1,0
42,2026-04-07,519.4,52.6,1,0
42,2026-04-08,533.5,57.4,1,0
42,2026-04-09,521.3,58.6,1,0
42,2026-04-10,520.6,55.7,1,0
42,2026-04-13,521.8,53.0,1,0
42,2026-04-14,505.9,47.9,1,0
42,2026-04-15,516.3,54.1,1,0
42,2026-04-16,530.5,56.5,1,0
42,2026-04-17,523.3,55.8,1,0
42,2026-04-20,509.0,57.7,1,0
42,2026-04-21,514.6,54.9,1,0
42,2026-04-22,515.7,60.4,1,0
42,2026-04-23,513.8,53.4,1,0
42,2026-04-24,524.9,54.1,1,0
42,2026-04-27,520.1,56.2,1,0
42,2026-04-28,518.7,53.7,1,0
42,2026-04-29,516.3,60.8,1,0
42,2026-04-30,525.1,53.2,1,0
42,2026-05-01,507.7,53.5,1,0
42,2026-05-04,514.5,58.6,1,0
42,2026-05-05,525.0,59.4,1,0
42,2026-05-06,527.2,56.4,1,0
42,2026-05-07,525.3,60.4,1,0
42,2026-05-08,768.2522799406964,51.8,1,1
43,2026-01-05,0.0,0.0,0,0
43,2026-01-06,556.3,64.3,1,0
43,2026-01-07,547.7,67.6,1,0
43,2026-01-08,556.6,65.0,1,0
43,2026-01-09,0.0,0.0,0,0
43,2026-01-12,544.5,65.6,1,0
43,2026-01-13,561.2,65.8,1,0
43,2026-01-14,545.4,63.2,1,0
43,2026-01-15,551.0,61.1,1,0
43,2026-01-16,535.1,55.2,1,0
43,2026-01-19,0.0,0.0,0,0
43,2026-01-20,566.3,61.6,1,0
43,2026-01-21,540.2,60.6,1,0
43,2026-01-22,304.01410936899373,64.0,1,1
43,2026-01-23,0.0,0.0,0,0
43,2026-01-26,549.2,64.6,1,0
43,2026-01-27,0.0,0.0,0,0
43,2026-01-28,539.9,66.5,1,0
43,2026-01-29,537.0,64.3,1,0
43,2026-01-30,565.2,62.8,1,0
43,2026-02-02,560.6,61.7,1,0
43,2026-02-03,556.4,64.9,1,0
43,2026-02-04,541.3,66.2,1,0
43,2026-02-05,0.0,0.0,0,0
43,2026-02-06,559.3,66.5,1,0
43,2026-02-09,557.1,66.6,1,0
43,2026-02-10,0.0,0.0,0,0
43,2026-02-11,553.2,67.3,1,0
43,2026-02-12,541.3,66.0,1,0
43,2026-02-13,542.3,66.0,1,0
43,2026-02-16,538.9,67.6,1,0
43,2026-02-17,548.7,70.0,1,0
43,2026-02-18,552.7,66.8,1,0
43,2026-02-19,552.5,64.7,1,0
43,2026-02-20,542.0,63.4,1,0
43,2026-02-23,543.7,67.9,1,0
43,2026-02-24,547.5,63.0,1,0
43,2026-02-25,548.1,60.7,1,0
43,2026-02-26,549.1,62.2,1,0
43,2026-02-27,0.0,0.0,0,0
43,2026-03-02,547.5,64.1,1,0
43,2026-03-03,0.0,0.0,0,0
43,2026-03-04,543.5,61.8,1,0
43,2026-03-05,0.0,0.0,0,0
43,2026-03-06,548.7,65.2,1,0
43,2026-03-09,551.8,66.6,1,0
43,2026-03-10,547.2,67.7,1,0
43,2026-03-11,562.7,62.8,1,0
43,2026-03-12,543.2,61.7,1,0
43,2026-03-13,532.5,63.8,1,0
43,2026-03-16,557.2,66.9,1,0
43,2026-03-17,546.3,63.1,1,0
43,2026-03-18,563.8,62.1,1,0
43,2026-03-19,542.9,60.1,1,0
43,2026-03-20,553.6,68.4,1,0
43,2026-03-23,571.1,64.3,1,0
43,2026-03-24,541.5,66.6,1,0
43,2026-03-25,557.1,61.1,1,0
43,2026-03-26,553.6,64.9,1,0
43,2026-03-27,561.4,70.7,1,0
43,2026-03-30,0.0,0.0,0,0
43,2026-03-31,528.9,66.5,1,0
43,2026-04-01,547.7,60.6,1,0
43,2026-04-02,558.6,58.9,1,0
43,2026-04-03,547.8,69.3,1,0
43,2026-04-06,0.0,0.0,0,0
43,2026-04-07,548.2,69.2,1,0
43,2026-04-08,544.6,63.7,1,0
43,2026-04-09,547.6,59.4,1,0
43,2026-04-10,563.0,63.4,1,0
43,2026-04-13,553.1,71.2,1,0
43,2026-04-14,560.7,62.7,1,0
43,2026-04-15,0.0,0.0,0,0
43,2026-04-16,0.0,0.0,0,0
43,2026-04-17,550.3,67.2,1,0
43,2026-04-20,551.9,66.6,1,0
43,2026-04-21,560.7,64.7,1,0
43,2026-04-22,0.0,0.0,0,0
43,2026-04-23,548.9,65.6,1,0
43,2026-04-24,556.5,67.9,1,0
43,2026-04-27,550.9,68.2,1,0
43,2026-04-28,559.7,66.7,1,0
43,2026-04-29,549.3,61.6,1,0
43,2026-04-30,557.0,65.5,1,0
43,2026-05-01,0.0,0.0,0,0
43,2026-05-04,553.3,65.7,1,0
43,2026-05-05,545.7,60.1,1,0
43,2026-05-06,538.0,63.5,1,0
43,2026-05-07,555.9,70.5,1,0
43,2026-05-08,570.1,63.8,1,0
44,2026-01-05,543.7,48.5,1,0
44,2026-01-06,550.9,53.6,1,0
44,2026-01-07,553.2,52.4,1,0
44,2026-01-08,544.5,54.5,1,0
44,2026-01-09,544.7,46.5,1,0
44,2026-01-12,533.3,59.2,1,0
44,2026-01-13,551.0,53.6,1,0
44,2026-01-14,538.9,60.2,1,0
44,2026-01-15,525.3,57.4,1,0
44,2026-01-16,557.4,57.5,1,0
44,2026-01-19,544.6,48.1,1,0
44,2026-01-20,549.1,53.9,1,0
44,2026-01-21,536.5,51.3,1,0
44,2026-01-22,559.2,54.3,1,0
44,2026-01-23,536.3,56.3,1,0
44,2026-01-26,531.9,55.7,1,0
44,2026-01-27,548.4,59.3,1,0
44,2026-01-28,542.3,56.4,1,0
44,2026-01-29,0.0,0.0,0,0
44,2026-01-30,546.3,56.4,1,0
44,2026-02-02,537.1,52.9,1,0
44,2026-02-03,537.4,55.3,1,0
44,2026-02-04,552.0,51.8,1,0
44,2026-02-05,556.6,53.8,1,0
44,2026-02-06,542.8,57.7,1,0
44,2026-02-09,553.1,54.4,1,0
44,2026-02-10,559.6,56.9,1,0
44,2026-02-11,0.0,0.0,0,0
44,2026-02-12,0.0,0.0,0,0
44,2026-02-13,555.5,58.8,1,0
44,2026-02-16,548.8,56.7,1,0
44,2026-02-17,538.2,58.6,1,0
44,2026-02-18,0.0,0.0,0,0
44,2026-02-19,543.2,54.3,1,0
44,2026-02-20,0.0,0.0,0,0
44,2026-02-23,0.0,0.0,0,0
44,2026-02-24,546.1,52.7,1,0
44,2026-02-25,544.1,55.0,1,0
44,2026-02-26,546.3,50.1,1,0
44,2026-02-27,545.5,57.7,1,0
44,2026-03-02,558.4,54.7,1,0
44,2026-03-03,532.5,55.6,1,0
44,2026-03-04,543.7,63.4,1,0
44,2026-03-05,537.3,55.6,1,0
44,2026-03-06,536.5,60.7,1,0
44,2026-03-09,546.9,53.2,1,0
44,2026-03-10,556.5,55.3,1,0
44,2026-03-11,563.5,54.9,1,0
44,2026-03-12,552.9,55.7,1,0
44,2026-03-13,540.8,50.7,1,0
44,2026-03-16,555.6,52.4,1,0
44,2026-03-17,553.9,53.0,1,0
44,2026-03-18,541.2,54.1,1,0
44,2026-03-19,539.9,55.0,1,0
44,2026-03-20,0.0,0.0,0,0
44,2026-03-23,558.9,58.9,1,0
44,2026-03-24,543.0,52.5,1,0
44,2026-03-25,548.9,56.8,1,0
44,2026-03-26,543.2,56.7,1,0
44,2026-03-27,551.2,54.2,1,0
44,2026-03-30,0.0,0.0,0,0
44,2026-03-31,538.7,55.1,1,0
44,2026-04-01,532.9,52.8,1,0
44,2026-04-02,537.0,55.6,1,0
44,2026-04-03,538.4,54.5,1,0
44,2026-04-06,537.4,53.6,1,0
44,2026-04-07,538.1,49.4,1,0
44,2026-04-08,540.8,50.4,1,0
44,2026-04-09,557.5,50.2,1,0
44,2026-04-10,561.2,55.6,1,0
44,2026-04-13,542.9,55.6,1,0
44,2026-04-14,539.9,52.1,1,0
44,2026-04-15,545.0,50.1,1,0
44,2026-04-16,536.9,57.6,1,0
44,2026-04-17,547.3,49.5,1,0
44,2026-04-20,534.5,53.1,1,0
44,2026-04-21,551.6,54.0,1,0
44,2026-04-22,536.9,57.8,1,0
44,2026-04-23,542.2,50.3,1,0
44,2026-04-24,0.0,0.0,0,0
44,2026-04-27,541.7,57.6,1,0
44,2026-04-28,546.8,56.8,1,0
44,2026-04-29,538.2,54.5,1,0
44,2026-04-30,555.5,53.7,1,0
44,2026-05-01,537.2,55.3,1,0
44,2026-05-04,542.0,54.1,1,0
44,2026-05-05,539.7,52.0,1,0
44,2026-05-06,0.0,0.0,0,0
44,2026-05-07,539.3,50.9,1,0
44,2026-05-08,540.6,52.7,1,0
45,2026-01-05,536.0,56.3,1,0
45,2026-01-06,530.2,57.8,1,0
45,2026-01-07,528.0,59.9,1,0
45,2026-01-08,547.2,58.5,1,0
45,2026-01-09,556.9,56.7,1,0
45,2026-01-12,527.1,62.9,1,0
45,2026-01-13,532.0,55.4,1,0
45,2026-01-14,549.2,53.8,1,0
45,2026-01-15,556.8,58.6,1,0
45,2026-01-16,537.8,59.0,1,0
45,2026-01-19,532.7,57.9,1,0
45,2026-01-20,0.0,0.0,0,0
45,2026-01-21,536.5,56.7,1,0
45,2026-01-22,531.4,52.2,1,0
45,2026-01-23,537.0,53.5,1,0
45,2026-01-26,537.1,56.2,1,0
45,2026-01-27,0.0,0.0,0,0
45,2026-01-28,529.6,57.8,1,0
45,2026-01-29,536.3,61.1,1,0
45,2026-01-30,548.5,58.6,1,0
45,2026-02-02,525.2,56.7,1,0
45,2026-02-03,549.2,56.1,1,0
45,2026-02-04,541.2,61.1,1,0
45,2026-02-05,543.0,60.1,1,0
45,2026-02-06,526.5,50.8,1,0
45,2026-02-09,536.1,59.6,1,0
45,2026-02-10,534.0,55.9,1,0
45,2026-02-11,551.0,62.7,1,0
45,2026-02-12,542.1,61.6,1,0
45,2026-02-13,536.3,57.2,1,0
45,2026-02-16,538.0,54.3,1,0
45,2026-02-17,543.8,61.9,1,0
45,2026-02-18,0.0,0.0,0,0
45,2026-02-19,526.8,54.0,1,0
45,2026-02-20,549.9,58.3,1,0
45,2026-02-23,533.1,53.5,1,0
45,2026-02-24,545.8,61.7,1,0
45,2026-02-25,518.3,53.9,1,0
45,2026-02-26,0.0,0.0,0,0
45,2026-02-27,534.9,54.3,1,0
45,2026-03-02,543.1,59.1,1,0
45,2026-03-03,0.0,0.0,0,0
45,2026-03-04,0.0,0.0,0,1
45,2026-03-05,0.0,0.0,0,1
45,2026-03-06,0.0,0.0,0,1
45,2026-03-09,0.0,0.0,0,1
45,2026-03-10,0.0,0.0,0,1
45,2026-03-11,0.0,0.0,0,1
45,2026-03-12,0.0,0.0,0,1
45,2026-03-13,0.0,0.0,0,1
45,2026-03-16,0.0,0.0,0,1
45,2026-03-17,539.2,53.5,1,0
45,2026-03-18,542.4,58.6,1,0
45,2026-03-19,536.7,59.2,1,0
45,2026-03-20,537.1,63.3,1,0
45,2026-03-23,548.1,54.2,1,0
45,2026-03-24,545.1,56.1,1,0
45,2026-03-25,414.77914208473766,7.095382533797833,1,1
45,2026-03-26,530.8,57.9,1,0
45,2026-03-27,537.5,54.2,1,0
45,2026-03-30,535.4,54.0,1,0
45,2026-03-31,0.0,0.0,0,0
45,2026-04-01,0.0,0.0,0,0
45,2026-04-02,548.1,56.5,1,0
45,2026-04-03,534.4,60.4,1,0
45,2026-04-06,551.4,55.0,1,0
45,2026-04-07,547.7,59.0,1,0
45,2026-04-08,531.9,61.1,1,0
45,2026-04-09,762.1967355968388,56.3,1,1
45,2026-04-10,528.3,55.8,1,0
45,2026-04-13,541.2,57.9,1,0
45,2026-04-14,535.5,54.8,1,0
45,2026-04-15,531.2,60.9,1,0
45,2026-04-16,540.8,56.6,1,0
45,2026-04-17,538.8,52.6,1,0
45,2026-04-20,547.9,57.9,1,0
45,2026-04-21,542.2,55.9,1,0
45,2026-04-22,530.3,60.6,1,0
45,2026-04-23,532.7,58.0,1,0
45,2026-04-24,543.8,55.1,1,0
45,2026-04-27,528.6,58.4,1,0
45,2026-04-28,532.4,59.7,1,0
45,2026-04-29,545.0,52.1,1,0
45,2026-04-30,536.1,61.1,1,0
45,2026-05-01,549.4,59.1,1,0
45,2026-05-04,545.7,60.0,1,0
45,2026-05-05,521.1,54.7,1,0
45,2026-05-06,529.4,60.3,1,0
45,2026-05-07,533.6,51.6,1,0
45,2026-05-08,556.0,55.0,1,0
46,2026-01-05,525.5,60.3,1,0
46,2026-01-06,523.1,52.3,1,0
46,2026-01-07,530.6,51.4,1,0
46,2026-01-08,521.5,52.3,1,0
46,2026-01-09,521.7,53.3,1,0
46,2026-01-12,544.0,55.2,1,0
46,2026-01-13,534.5,55.3,1,0
46,2026-01-14,532.7,56.4,1,0
46,2026-01-15,537.8,52.8,1,0
46,2026-01-16,524.1,57.3,1,0
46,2026-01-19,0.0,0.0,0,0
46,2026-01-20,533.2,59.0,1,0
46,2026-01-21,537.3,57.1,1,0
46,2026-01-22,526.4,58.4,1,0
46,2026-01-23,530.0,55.7,1,0
46,2026-01-26,530.3,56.2,1,0
46,2026-01-27,529.7,53.5,1,0
46,2026-01-28,530.2,61.5,1,0
46,2026-01-29,525.7,58.2,1,0
46,2026-01-30,540.9,54.4,1,0
46,2026-02-02,529.7,56.2,1,0
46,2026-02-03,535.1,57.3,1,0
46,2026-02-04,530.4,54.8,1,0
46,2026-02-05,524.1,59.3,1,0
46,2026-02-06,540.5,57.1,1,0
46,2026-02-09,531.3,57.1,1,0
46,2026-02-10,541.1,57.7,1,0
46,2026-02-11,545.5,56.3,1,0
46,2026-02-12,523.8,60.5,1,0
46,2026-02-13,538.5,60.0,1,0
46,2026-02-16,534.9,57.0,1,0
46,2026-02-17,536.4,53.8,1,0
46,2026-02-18,542.1,55.4,1,0
46,2026-02-19,534.3,54.1,1,0
46,2026-02-20,539.7,54.7,1,0
46,2026-02-23,525.6,59.8,1,0
46,2026-02-24,528.5,52.5,1,0
46,2026-02-25,535.0,56.6,1,0
46,2026-02-26,770.9103558379754,58.3,1,1
46,2026-02-27,534.1,53.0,1,0
46,2026-03-02,528.2,56.6,1,0
46,2026-03-03,527.2,56.0,1,0
46,2026-03-04,523.2,57.3,1,0
46,2026-03-05,544.5,58.4,1,0
46,2026-03-06,516.6,53.6,1,0
46,2026-03-09,0.0,0.0,0,0
46,2026-03-10,0.0,0.0,0,0
46,2026-03-11,538.8,59.6,1,0
46,2026-03-12,534.7,53.5,1,0
46,2026-03-13,755.9754606195286,52.4,1,1
46,2026-03-16,538.3,55.8,1,0
46,2026-03-17,530.3,52.6,1,0
46,2026-03-18,525.5,51.8,1,0
46,2026-03-19,521.8,57.7,1,0
46,2026-03-20,0.0,0.0,0,0
46,2026-03-23,528.1,61.6,1,0
46,2026-03-24,533.9,56.3,1,0
46,2026-03-25,532.8,54.7,1,0
46,2026-03-26,518.0,56.3,1,0
46,2026-03-27,519.9,59.7,1,0
46,2026-03-30,522.1,55.1,1,0
46,2026-03-31,521.2,50.4,1,0
46,2026-04-01,527.6,51.7,1,0
46,2026-04-02,0.0,0.0,0,0
46,2026-04-03,537.2,55.6,1,0
46,2026-04-06,0.0,0.0,0,0
46,2026-04-07,531.6,57.3,1,0
46,2026-04-08,0.0,0.0,0,0
46,2026-04-09,507.5,52.8,1,0
46,2026-04-10,530.7,52.4,1,0
46,2026-04-13,527.6,52.3,1,0
46,2026-04-14,527.2,54.1,1,0
46,2026-04-15,532.6,56.1,1,0
46,2026-04-16,0.0,0.0,0,0
46,2026-04-17,529.9,52.9,1,0
46,2026-04-20,527.3,62.2,1,0
46,2026-04-21,527.1,56.3,1,0
46,2026-04-22,539.1,55.1,1,0
46,2026-04-23,537.0,61.4,1,0
46,2026-04-24,529.4,55.9,1,0
46,2026-04-27,531.6,53.5,1,0
46,2026-04-28,532.1,55.9,1,0
46,2026-04-29,531.0,50.3,1,0
46,2026-04-30,526.0,56.9,1,0
46,2026-05-01,535.0,60.4,1,0
46,2026-05-04,0.0,0.0,0,0
46,2026-05-05,545.3,53.8,1,0
46,2026-05-06,535.8,56.0,1,0
46,2026-05-07,528.5,54.2,1,0
46,2026-05-08,521.7,58.1,1,0
47,2026-01-05,0.0,0.0,0,0
47,2026-01-06,543.4,53.4,1,0
47,2026-01-07,564.9,53.9,1,0
47,2026-01-08,542.0,51.7,1,0
47,2026-01-09,531.0,54.5,1,0
47,2026-01-12,543.1,51.8,1,0
47,2026-01-13,546.6,46.0,1,0
47,2026-01-14,0.0,0.0,0,0
47,2026-01-15,535.4,58.2,1,0
47,2026-01-16,544.4,51.9,1,0
47,2026-01-19,556.8,61.1,1,0
47,2026-01-20,0.0,0.0,0,0
47,2026-01-21,560.0,54.4,1,0
47,2026-01-22,552.6,54.1,1,0
47,2026-01-23,531.7,54.6,1,0
47,2026-01-26,533.3,54.3,1,0
47,2026-01-27,546.2,54.1,1,0
47,2026-01-28,539.1,56.4,1,0
47,2026-01-29,549.8,50.1,1,0
47,2026-01-30,555.1,56.6,1,0
47,2026-02-02,0.0,0.0,0,0
47,2026-02-03,538.4,51.7,1,0
47,2026-02-04,545.2,55.6,1,0
47,2026-02-05,545.6,53.0,1,0
47,2026-02-06,541.4,52.0,1,0
47,2026-02-09,537.2,55.3,1,0
47,2026-02-10,546.7,57.5,1,0
47,2026-02-11,533.1,55.6,1,0
47,2026-02-12,378.43096459050685,4.158005794965513,1,1
47,2026-02-13,0.0,0.0,0,0
47,2026-02-16,550.4,51.1,1,0
47,2026-02-17,532.7,52.7,1,0
47,2026-02-18,535.7,56.0,1,0
47,2026-02-19,0.0,0.0,0,0
47,2026-02-20,543.8,55.0,1,0
47,2026-02-23,0.0,0.0,0,0
47,2026-02-24,541.1,52.8,1,0
47,2026-02-25,546.4,54.3,1,0
47,2026-02-26,551.6,53.7,1,0
47,2026-02-27,543.2,54.7,1,0
47,2026-03-02,547.8,53.5,1,0
47,2026-03-03,558.5,50.2,1,0
47,2026-03-04,542.5,53.1,1,0
47,2026-03-05,557.0,52.9,1,0
47,2026-03-06,556.3,10.929139376706427,1,1
47,2026-03-09,553.0,55.1,1,0
47,2026-03-10,551.9,53.4,1,0
47,2026-03-11,545.4,48.9,1,0
47,2026-03-12,535.4,52.8,1,0
47,2026-03-13,552.7,7.055380984634179,1,1
47,2026-03-16,0.0,0.0,0,0
47,2026-03-17,553.9,52.4,1,0
47,2026-03-18,534.7,54.5,1,0
47,2026-03-19,555.9,51.6,1,0
47,2026-03-20,548.2,51.6,1,0
47,2026-03-23,554.2,54.0,1,0
47,2026-03-24,547.9,48.6,1,0
47,2026-03-25,547.6,56.4,1,0
47,2026-03-26,544.7,56.8,1,0
47,2026-03-27,548.3,52.8,1,0
47,2026-03-30,543.3,58.6,1,0
47,2026-03-31,553.3,58.3,1,0
47,2026-04-01,534.9,52.7,1,0
47,2026-04-02,544.7,48.8,1,0
47,2026-04-03,563.5,57.5,1,0
47,2026-04-06,0.0,0.0,0,0
47,2026-04-07,539.5,53.9,1,0
47,2026-04-08,543.5,52.3,1,0
47,2026-04-09,0.0,0.0,0,0
47,2026-04-10,539.5,52.9,1,0
47,2026-04-13,546.8,57.0,1,0
47,2026-04-14,555.0,54.0,1,0
47,2026-04-15,548.8,53.4,1,0
47,2026-04-16,543.6,48.3,1,0
47,2026-04-17,544.2,48.9,1,0
47,2026-04-20,529.8,52.6,1,0
47,2026-04-21,547.1,52.5,1,0
47,2026-04-22,540.0,53.7,1,0
47,2026-04-23,539.1,54.5,1,0
47,2026-04-24,545.0,60.9,1,0
47,2026-04-27,544.1,52.8,1,0
47,2026-04-28,538.5,55.7,1,0
47,2026-04-29,541.7,52.1,1,0
47,2026-04-30,532.3,52.3,1,0
47,2026-05-01,547.9,58.4,1,0
47,2026-05-04,550.5,59.3,1,0
47,2026-05-05,546.8,53.6,1,0
47,2026-05-06,546.3,51.7,1,0
47,2026-05-07,539.8,55.3,1,0
47,2026-05-08,0.0,0.0,0,0
48,2026-01-05,534.0,70.9,1,0
48,2026-01-06,533.0,58.1,1,0
48,2026-01-07,534.9,59.9,1,0
48,2026-01-08,542.9,64.2,1,0
48,2026-01-09,539.0,63.0,1,0
48,2026-01-12,541.1,65.5,1,0
48,2026-01-13,531.2,61.8,1,0
48,2026-01-14,523.4,56.9,1,0
48,2026-01-15,549.9,58.5,1,0
48,2026-01-16,534.5,61.5,1,0
48,2026-01-19,527.4,58.9,1,0
48,2026-01-20,536.6,58.9,1,0
48,2026-01-21,534.4,61.0,1,0
48,2026-01-22,536.7,64.8,1,0
48,2026-01-23,526.5,61.3,1,0
48,2026-01-26,527.8,58.1,1,0
48,2026-01-27,531.7,57.9,1,0
48,2026-01-28,532.7,65.7,1,0
48,2026-01-29,540.1,61.6,1,0
48,2026-01-30,0.0,0.0,0,0
48,2026-02-02,528.6,61.9,1,0
48,2026-02-03,523.4,62.1,1,0
48,2026-02-04,539.6,62.2,1,0
48,2026-02-05,546.3,63.6,1,0
48,2026-02-06,534.9,70.7,1,0
48,2026-02-09,533.5,65.0,1,0
48,2026-02-10,541.6,64.3,1,0
48,2026-02-11,550.4,61.7,1,0
48,2026-02-12,521.5,63.0,1,0
48,2026-02-13,343.92527511372504,10.334737799522381,1,1
48,2026-02-16,529.3,62.1,1,0
48,2026-02-17,541.7,65.2,1,0
48,2026-02-18,523.0,58.4,1,0
48,2026-02-19,558.6,67.2,1,0
48,2026-02-20,539.9,7.387890555654931,1,1
48,2026-02-23,545.2,61.7,1,0
48,2026-02-24,535.6,63.9,1,0
48,2026-02-25,547.2,62.1,1,0
48,2026-02-26,546.7,57.6,1,0
48,2026-02-27,533.2,68.7,1,0
48,2026-03-02,520.5,60.5,1,0
48,2026-03-03,544.0,69.1,1,0
48,2026-03-04,0.0,0.0,0,0
48,2026-03-05,530.6,67.1,1,0
48,2026-03-06,532.5,61.0,1,0
48,2026-03-09,534.0,61.6,1,0
48,2026-03-10,534.6,58.5,1,0
48,2026-03-11,539.4,62.5,1,0
48,2026-03-12,534.0,63.4,1,0
48,2026-03-13,531.5,62.5,1,0
48,2026-03-16,531.5,62.2,1,0
48,2026-03-17,527.2,62.8,1,0
48,2026-03-18,542.2,58.7,1,0
48,2026-03-19,548.8,68.5,1,0
48,2026-03-20,528.3,63.6,1,0
48,2026-03-23,540.0,59.9,1,0
48,2026-03-24,535.0,64.4,1,0
48,2026-03-25,541.0,62.9,1,0
48,2026-03-26,542.0,61.4,1,0
48,2026-03-27,551.7,62.7,1,0
48,2026-03-30,538.6,61.6,1,0
48,2026-03-31,539.4,60.7,1,0
48,2026-04-01,531.4,62.6,1,0
48,2026-04-02,536.0,56.2,1,0
48,2026-04-03,538.7,59.3,1,0
48,2026-04-06,526.5,65.4,1,0
48,2026-04-07,519.6,62.8,1,0
48,2026-04-08,373.72970668562266,14.17870425382701,1,1
48,2026-04-09,533.8,56.7,1,0
48,2026-04-10,535.8,60.1,1,0
48,2026-04-13,543.9,58.4,1,0
48,2026-04-14,533.1,60.7,1,0
48,2026-04-15,532.8,62.3,1,0
48,2026-04-16,542.0,59.9,1,0
48,2026-04-17,544.8,57.3,1,0
48,2026-04-20,530.1,59.1,1,0
48,2026-04-21,533.4,58.6,1,0
48,2026-04-22,545.1,56.5,1,0
48,2026-04-23,542.5,61.4,1,0
48,2026-04-24,542.7,63.2,1,0
48,2026-04-27,541.7,58.4,1,0
48,2026-04-28,541.1,59.8,1,0
48,2026-04-29,555.7,61.6,1,0
48,2026-04-30,534.3,62.5,1,0
48,2026-05-01,537.7,62.4,1,0
48,2026-05-04,523.4,61.4,1,0
48,2026-05-05,535.8,61.7,1,0
48,2026-05-06,530.3,56.8,1,0
48,2026-05-07,529.8,62.6,1,0
48,2026-05-08,533.9,60.9,1,0
49,2026-01-05,548.0,58.3,1,0
49,2026-01-06,538.4,51.7,1,0
49,2026-01-07,536.2,55.1,1,0
49,2026-01-08,536.1,60.9,1,0
49,2026-01-09,0.0,0.0,0,0
49,2026-01-12,535.3,56.4,1,0
49,2026-01-13,540.6,58.2,1,0
49,2026-01-14,534.7,62.0,1,0
49,2026-01-15,532.6,57.2,1,0
49,2026-01-16,0.0,0.0,0,0
49,2026-01-19,547.0,56.0,1,0
49,2026-01-20,544.7,55.3,1,0
49,2026-01-21,542.2,55.3,1,0
49,2026-01-22,535.0,58.9,1,0
49,2026-01-23,536.5,59.5,1,0
49,2026-01-26,539.6,57.4,1,0
49,2026-01-27,0.0,0.0,0,0
49,2026-01-28,537.1,55.2,1,0
49,2026-01-29,540.2,57.2,1,0
49,2026-01-30,524.7,61.7,1,0
49,2026-02-02,541.1,56.1,1,0
49,2026-02-03,549.9,63.5,1,0
49,2026-02-04,542.1,58.1,1,0
49,2026-02-05,522.5,59.0,1,0
49,2026-02-06,520.6,56.8,1,0
49,2026-02-09,534.2,60.3,1,0
49,2026-02-10,539.3,58.2,1,0
49,2026-02-11,533.7,60.6,1,0
49,2026-02-12,542.4,58.3,1,0
49,2026-02-13,536.0,62.7,1,0
49,2026-02-16,553.0,54.2,1,0
49,2026-02-17,536.3,58.3,1,0
49,2026-02-18,542.5,61.5,1,0
49,2026-02-19,532.8,57.9,1,0
49,2026-02-20,537.9,55.0,1,0
49,2026-02-23,536.5,62.2,1,0
49,2026-02-24,544.6,59.6,1,0
49,2026-02-25,542.4,63.7,1,0
49,2026-02-26,546.6,60.0,1,0
49,2026-02-27,540.9,59.5,1,0
49,2026-03-02,0.0,0.0,0,0
49,2026-03-03,541.4,57.3,1,0
49,2026-03-04,549.8,55.7,1,0
49,2026-03-05,545.8,53.6,1,0
49,2026-03-06,546.7,58.4,1,0
49,2026-03-09,535.9,53.7,1,0
49,2026-03-10,537.2,54.1,1,0
49,2026-03-11,535.7,58.4,1,0
49,2026-03-12,542.5,59.4,1,0
49,2026-03-13,540.9,58.6,1,0
49,2026-03-16,544.6,58.3,1,0
49,2026-03-17,529.1,56.9,1,0
49,2026-03-18,0.0,0.0,0,0
49,2026-03-19,528.2,55.1,1,0
49,2026-03-20,534.4,55.1,1,0
49,2026-03-23,547.0,60.1,1,0
49,2026-03-24,537.6,57.3,1,0
49,2026-03-25,540.8,56.3,1,0
49,2026-03-26,544.2,61.4,1,0
49,2026-03-27,553.8,55.8,1,0
49,2026-03-30,0.0,0.0,0,0
49,2026-03-31,533.2,57.1,1,0
49,2026-04-01,532.2,53.4,1,0
49,2026-04-02,536.3,58.2,1,0
49,2026-04-03,544.8,53.0,1,0
49,2026-04-06,540.3,57.6,1,0
49,2026-04-07,541.1,55.8,1,0
49,2026-04-08,548.9,55.8,1,0
49,2026-04-09,538.9,54.5,1,0
49,2026-04-10,536.7,62.2,1,0
49,2026-04-13,540.9,51.5,1,0
49,2026-04-14,540.2,55.9,1,0
49,2026-04-15,540.8,14.406813336980683,1,1
49,2026-04-16,549.0,57.2,1,0
49,2026-04-17,538.0,60.4,1,0
49,2026-04-20,544.1,55.9,1,0
49,2026-04-21,534.9,56.2,1,0
49,2026-04-22,528.1,59.3,1,0
49,2026-04-23,0.0,0.0,0,0
49,2026-04-24,528.8,54.0,1,0
49,2026-04-27,540.7,58.6,1,0
49,2026-04-28,532.4,55.5,1,0
49,2026-04-29,555.3,55.1,1,0
49,2026-04-30,530.4,59.8,1,0
49,2026-05-01,532.3,56.8,1,0
49,2026-05-04,541.8,65.9,1,0
49,2026-05-05,538.7,55.9,1,0
49,2026-05-06,545.3,59.9,1,0
49,2026-05-07,549.1,57.9,1,0
49,2026-05-08,541.8,57.4,1,0
50,2026-01-05,532.1,56.2,1,0
50,2026-01-06,531.0,55.8,1,0
50,2026-01-07,536.0,55.6,1,0
50,2026-01-08,528.0,65.8,1,0
50,2026-01-09,532.5,60.2,1,0
50,2026-01-12,529.8,8.782166830161817,1,1
50,2026-01-13,515.3,59.3,1,0
50,2026-01-14,529.0,62.7,1,0
50,2026-01-15,528.1,57.5,1,0
50,2026-01-16,516.8,58.6,1,0
50,2026-01-19,542.3,61.0,1,0
50,2026-01-20,517.0,58.8,1,0
50,2026-01-21,526.8,61.0,1,0
50,2026-01-22,534.3,54.6,1,0
50,2026-01-23,0.0,0.0,0,0
50,2026-01-26,534.9,58.6,1,0
50,2026-01-27,524.3,58.7,1,0
50,2026-01-28,532.2,62.6,1,0
50,2026-01-29,531.2,64.6,1,0
50,2026-01-30,537.2,60.7,1,0
50,2026-02-02,530.0,60.9,1,0
50,2026-02-03,531.8,62.0,1,0
50,2026-02-04,505.0,64.5,1,0
50,2026-02-05,522.0,56.0,1,0
50,2026-02-06,524.0,57.2,1,0
50,2026-02-09,532.8,65.5,1,0
50,2026-02-10,537.5,58.3,1,0
50,2026-02-11,527.5,59.7,1,0
50,2026-02-12,523.3,58.1,1,0
50,2026-02-13,537.3,59.6,1,0
50,2026-02-16,526.2,55.1,1,0
50,2026-02-17,530.6,58.6,1,0
50,2026-02-18,531.9,60.2,1,0
50,2026-02-19,526.5,60.6,1,0
50,2026-02-20,526.4,61.1,1,0
50,2026-02-23,527.0,62.9,1,0
50,2026-02-24,539.6,60.8,1,0
50,2026-02-25,523.6,65.8,1,0
50,2026-02-26,539.3,58.5,1,0
50,2026-02-27,540.0,56.2,1,0
50,2026-03-02,511.4,58.9,1,0
50,2026-03-03,526.8,68.2,1,0
50,2026-03-04,517.0,61.1,1,0
50,2026-03-05,0.0,0.0,0,0
50,2026-03-06,530.0,60.2,1,0
50,2026-03-09,520.3,59.9,1,0
50,2026-03-10,522.9,57.0,1,0
50,2026-03-11,525.7,62.1,1,0
50,2026-03-12,541.5,57.3,1,0
50,2026-03-13,525.7,61.2,1,0
50,2026-03-16,544.0,54.3,1,0
50,2026-03-17,529.3,61.1,1,0
50,2026-03-18,535.4,57.2,1,0
50,2026-03-19,543.5,56.8,1,0
50,2026-03-20,0.0,0.0,0,0
50,2026-03-23,525.1,56.7,1,0
50,2026-03-24,512.9,58.2,1,0
50,2026-03-25,519.9,61.7,1,0
50,2026-03-26,523.5,58.4,1,0
50,2026-03-27,529.1,57.3,1,0
50,2026-03-30,528.1,56.0,1,0
50,2026-03-31,533.2,61.1,1,0
50,2026-04-01,534.0,56.5,1,0
50,2026-04-02,526.5,63.9,1,0
50,2026-04-03,526.3,64.1,1,0
50,2026-04-06,539.3,66.1,1,0
50,2026-04-07,520.4,58.9,1,0
50,2026-04-08,522.1,67.2,1,0
50,2026-04-09,532.3,58.0,1,0
50,2026-04-10,527.0,57.7,1,0
50,2026-04-13,515.1,56.0,1,0
50,2026-04-14,539.3,58.3,1,0
50,2026-04-15,528.8,63.3,1,0
50,2026-04-16,534.4,58.8,1,0
50,2026-04-17,522.0,59.5,1,0
50,2026-04-20,520.5,55.6,1,0
50,2026-04-21,529.6,57.1,1,0
50,2026-04-22,513.5,58.3,1,0
50,2026-04-23,534.2,59.2,1,0
50,2026-04-24,521.9,64.3,1,0
50,2026-04-27,0.0,0.0,0,0
50,2026-04-28,549.3,57.4,1,0
50,2026-04-29,522.9,58.8,1,0
50,2026-04-30,526.3,56.8,1,0
50,2026-05-01,537.7,62.4,1,0
50,2026-05-04,513.5,56.0,1,0
50,2026-05-05,731.4120811861446,59.6,1,1
50,2026-05-06,544.2,59.3,1,0
50,2026-05-07,523.9,58.6,1,0
50,2026-05-08,516.6,54.2,1,0
51,2026-01-05,566.9,52.7,1,0
51,2026-01-06,563.3,58.0,1,0
51,2026-01-07,550.4,51.0,1,0
51,2026-01-08,553.9,52.7,1,0
51,2026-01-09,548.4,55.9,1,0
51,2026-01-12,550.4,51.0,1,0
51,2026-01-13,0.0,0.0,0,0
51,2026-01-14,543.9,55.9,1,0
51,2026-01-15,555.0,51.6,1,0
51,2026-01-16,553.0,52.2,1,0
51,2026-01-19,556.7,60.3,1,0
51,2026-01-20,537.7,57.2,1,0
51,2026-01-21,569.1,58.2,1,0
51,2026-01-22,558.8,52.0,1,0
51,2026-01-23,558.4,57.1,1,0
51,2026-01-26,553.6,61.2,1,0
51,2026-01-27,540.2,49.5,1,0
51,2026-01-28,552.4,54.2,1,0
51,2026-01-29,549.4,51.4,1,0
51,2026-01-30,552.2,55.1,1,0
51,2026-02-02,549.6,49.4,1,0
51,2026-02-03,577.2,58.2,1,0
51,2026-02-04,547.6,53.8,1,0
51,2026-02-05,542.5,52.0,1,0
51,2026-02-06,559.7,50.8,1,0
51,2026-02-09,559.0,52.0,1,0
51,2026-02-10,556.2,54.9,1,0
51,2026-02-11,547.8,52.1,1,0
51,2026-02-12,540.5,53.4,1,0
51,2026-02-13,542.0,54.6,1,0
51,2026-02-16,538.3,52.9,1,0
51,2026-02-17,557.4,48.1,1,0
51,2026-02-18,547.0,55.8,1,0
51,2026-02-19,552.6,52.1,1,0
51,2026-02-20,548.5,53.1,1,0
51,2026-02-23,0.0,0.0,0,0
51,2026-02-24,554.4,48.9,1,0
51,2026-02-25,551.6,54.2,1,0
51,2026-02-26,555.6,57.3,1,0
51,2026-02-27,561.3,54.1,1,0
51,2026-03-02,556.2,57.5,1,0
51,2026-03-03,549.5,51.8,1,0
51,2026-03-04,546.9,50.6,1,0
51,2026-03-05,540.6,59.7,1,0
51,2026-03-06,568.2,55.0,1,0
51,2026-03-09,541.0,53.8,1,0
51,2026-03-10,565.5,54.6,1,0
51,2026-03-11,545.4,51.2,1,0
51,2026-03-12,566.1,54.3,1,0
51,2026-03-13,565.4,50.8,1,0
51,2026-03-16,556.7,51.2,1,0
51,2026-03-17,547.3,58.0,1,0
51,2026-03-18,553.9,52.9,1,0
51,2026-03-19,553.0,52.1,1,0
51,2026-03-20,556.3,52.5,1,0
51,2026-03-23,551.5,52.8,1,0
51,2026-03-24,0.0,0.0,0,0
51,2026-03-25,538.8,58.5,1,0
51,2026-03-26,557.9,55.9,1,0
51,2026-03-27,0.0,0.0,0,0
51,2026-03-30,544.8,53.0,1,0
51,2026-03-31,548.3,55.6,1,0
51,2026-04-01,549.9,57.3,1,0
51,2026-04-02,546.4,51.8,1,0
51,2026-04-03,544.9,56.9,1,0
51,2026-04-06,549.3,46.8,1,0
51,2026-04-07,562.5,55.6,1,0
51,2026-04-08,548.0,53.7,1,0
51,2026-04-09,537.0,53.3,1,0
51,2026-04-10,557.7,56.4,1,0
51,2026-04-13,553.5,52.9,1,0
51,2026-04-14,551.3,51.8,1,0
51,2026-04-15,562.3,54.7,1,0
51,2026-04-16,556.8,52.4,1,0
51,2026-04-17,0.0,0.0,0,0
51,2026-04-20,557.3,51.4,1,0
51,2026-04-21,562.1,53.2,1,0
51,2026-04-22,558.6,51.8,1,0
51,2026-04-23,555.5,49.1,1,0
51,2026-04-24,0.0,0.0,0,0
51,2026-04-27,559.9,55.4,1,0
51,2026-04-28,540.2,53.4,1,0
51,2026-04-29,552.7,46.8,1,0
51,2026-04-30,562.5,54.9,1,0
51,2026-05-01,0.0,0.0,0,0
51,2026-05-04,0.0,0.0,0,0
51,2026-05-05,554.6,52.7,1,0
51,2026-05-06,551.5,53.9,1,0
51,2026-05-07,550.1,54.3,1,0
51,2026-05-08,549.1,54.7,1,0
52,2026-01-05,566.9,58.8,1,0
52,2026-01-06,377.13538087601273,14.422385730647072,1,1
52,2026-01-07,559.2,63.2,1,0
52,2026-01-08,565.3,14.757817913169186,1,1
52,2026-01-09,559.3,62.7,1,0
52,2026-01-12,559.8,61.5,1,0
52,2026-01-13,0.0,0.0,0,0
52,2026-01-14,548.2,59.3,1,0
52,2026-01-15,552.3,60.8,1,0
52,2026-01-16,551.6,62.3,1,0
52,2026-01-19,576.5,60.3,1,0
52,2026-01-20,575.5,57.1,1,0
52,2026-01-21,567.4,59.4,1,0
52,2026-01-22,565.0,59.3,1,0
52,2026-01-23,565.7,61.4,1,0
52,2026-01-26,544.4,58.1,1,0
52,2026-01-27,576.3,66.0,1,0
52,2026-01-28,551.8,58.5,1,0
52,2026-01-29,551.9,65.1,1,0
52,2026-01-30,557.3,62.9,1,0
52,2026-02-02,0.0,0.0,0,0
52,2026-02-03,549.4,59.7,1,0
52,2026-02-04,553.1,61.3,1,0
52,2026-02-05,556.4,61.7,1,0
52,2026-02-06,563.6,60.0,1,0
52,2026-02-09,551.8,59.9,1,0
52,2026-02-10,557.7,57.1,1,0
52,2026-02-11,554.4,61.4,1,0
52,2026-02-12,568.4,58.8,1,0
52,2026-02-13,549.8,59.7,1,0
52,2026-02-16,559.5,67.4,1,0
52,2026-02-17,561.0,59.8,1,0
52,2026-02-18,573.4,56.0,1,0
52,2026-02-19,569.1,55.7,1,0
52,2026-02-20,564.7,55.8,1,0
52,2026-02-23,562.4,66.6,1,0
52,2026-02-24,561.1,64.7,1,0
52,2026-02-25,554.5,57.1,1,0
52,2026-02-26,557.9,61.1,1,0
52,2026-02-27,556.4,60.7,1,0
52,2026-03-02,571.2,61.1,1,0
52,2026-03-03,543.6,62.6,1,0
52,2026-03-04,565.1,64.8,1,0
52,2026-03-05,0.0,0.0,0,0
52,2026-03-06,568.5,63.6,1,0
52,2026-03-09,551.3,56.7,1,0
52,2026-03-10,561.5,52.5,1,0
52,2026-03-11,564.6,61.0,1,0
52,2026-03-12,561.3,59.5,1,0
52,2026-03-13,0.0,0.0,0,0
52,2026-03-16,558.6,62.4,1,0
52,2026-03-17,558.9,63.9,1,0
52,2026-03-18,546.6,62.0,1,0
52,2026-03-19,562.2,56.8,1,0
52,2026-03-20,563.9,59.7,1,0
52,2026-03-23,566.8,57.3,1,0
52,2026-03-24,553.3,65.7,1,0
52,2026-03-25,570.8,58.4,1,0
52,2026-03-26,564.6,62.6,1,0
52,2026-03-27,554.3,60.8,1,0
52,2026-03-30,0.0,0.0,0,0
52,2026-03-31,562.8,59.9,1,0
52,2026-04-01,558.9,58.2,1,0
52,2026-04-02,559.3,60.3,1,0
52,2026-04-03,0.0,0.0,0,0
52,2026-04-06,560.5,58.3,1,0
52,2026-04-07,574.0,57.6,1,0
52,2026-04-08,561.1,59.6,1,0
52,2026-04-09,551.9,58.9,1,0
52,2026-04-10,568.8,60.6,1,0
52,2026-04-13,559.0,62.6,1,0
52,2026-04-14,565.4,56.8,1,0
52,2026-04-15,558.1,60.4,1,0
52,2026-04-16,548.4,55.6,1,0
52,2026-04-17,562.9,57.7,1,0
52,2026-04-20,550.9,59.4,1,0
52,2026-04-21,557.1,63.7,1,0
52,2026-04-22,574.2,55.7,1,0
52,2026-04-23,563.8,59.2,1,0
52,2026-04-24,771.1095056648402,65.3,1,1
52,2026-04-27,566.7,59.3,1,0
52,2026-04-28,555.7,56.1,1,0
52,2026-04-29,0.0,0.0,0,0
52,2026-04-30,555.4,64.5,1,0
52,2026-05-01,416.1238317578882,63.6,1,1
52,2026-05-04,556.6,61.2,1,0
52,2026-05-05,565.0,62.3,1,0
52,2026-05-06,0.0,0.0,0,0
52,2026-05-07,560.5,56.1,1,0
52,2026-05-08,547.0,59.5,1,0
53,2026-01-05,533.3,57.8,1,0
53,2026-01-06,523.1,60.7,1,0
53,2026-01-07,515.1,55.0,1,0
53,2026-01-08,527.0,53.9,1,0
53,2026-01-09,517.0,61.0,1,0
53,2026-01-12,515.1,55.5,1,0
53,2026-01-13,525.5,56.5,1,0
53,2026-01-14,0.0,0.0,0,0
53,2026-01-15,528.6,57.9,1,0
53,2026-01-16,526.3,55.2,1,0
53,2026-01-19,544.5,60.6,1,0
53,2026-01-20,520.0,48.5,1,0
53,2026-01-21,530.5,55.4,1,0
53,2026-01-22,514.9,58.4,1,0
53,2026-01-23,529.7,57.3,1,0
53,2026-01-26,527.1,59.6,1,0
53,2026-01-27,514.3,56.0,1,0
53,2026-01-28,539.2,56.6,1,0
53,2026-01-29,508.5,59.7,1,0
53,2026-01-30,547.8,54.9,1,0
53,2026-02-02,530.2,54.0,1,0
53,2026-02-03,530.3,56.4,1,0
53,2026-02-04,530.7,58.9,1,0
53,2026-02-05,514.8,56.8,1,0
53,2026-02-06,509.2,57.6,1,0
53,2026-02-09,513.8,56.1,1,0
53,2026-02-10,539.6,57.7,1,0
53,2026-02-11,523.2,51.5,1,0
53,2026-02-12,518.9,56.1,1,0
53,2026-02-13,524.8,60.3,1,0
53,2026-02-16,536.9,62.3,1,0
53,2026-02-17,514.6,51.7,1,0
53,2026-02-18,518.6,55.6,1,0
53,2026-02-19,527.2,52.6,1,0
53,2026-02-20,0.0,0.0,0,0
53,2026-02-23,533.8,57.0,1,0
53,2026-02-24,0.0,0.0,0,0
53,2026-02-25,531.8,54.9,1,0
53,2026-02-26,0.0,0.0,0,0
53,2026-02-27,512.7,54.2,1,0
53,2026-03-02,514.5,57.6,1,0
53,2026-03-03,541.9,52.0,1,0
53,2026-03-04,525.6,54.0,1,0
53,2026-03-05,530.3,57.4,1,0
53,2026-03-06,506.8,54.6,1,0
53,2026-03-09,531.5,58.7,1,0
53,2026-03-10,508.8,59.5,1,0
53,2026-03-11,518.9,65.0,1,0
53,2026-03-12,506.6,58.2,1,0
53,2026-03-13,533.5,58.7,1,0
53,2026-03-16,536.2,59.9,1,0
53,2026-03-17,0.0,0.0,0,0
53,2026-03-18,528.3,56.0,1,0
53,2026-03-19,524.5,53.9,1,0
53,2026-03-20,526.1,51.1,1,0
53,2026-03-23,510.0,52.1,1,0
53,2026-03-24,522.4,56.3,1,0
53,2026-03-25,518.9,58.2,1,0
53,2026-03-26,530.8,60.0,1,0
53,2026-03-27,509.4,54.8,1,0
53,2026-03-30,518.0,53.9,1,0
53,2026-03-31,543.6,55.6,1,0
53,2026-04-01,513.7,60.8,1,0
53,2026-04-02,530.6,61.2,1,0
53,2026-04-03,521.8,62.2,1,0
53,2026-04-06,506.4,58.4,1,0
53,2026-04-07,531.4,58.3,1,0
53,2026-04-08,526.3,57.7,1,0
53,2026-04-09,528.8,61.6,1,0
53,2026-04-10,524.4,60.5,1,0
53,2026-04-13,531.5,57.7,1,0
53,2026-04-14,526.2,57.1,1,0
53,2026-04-15,518.2,60.5,1,0
53,2026-04-16,512.3,56.5,1,0
53,2026-04-17,0.0,0.0,0,0
53,2026-04-20,524.9,54.0,1,0
53,2026-04-21,532.9,61.8,1,0
53,2026-04-22,523.9,59.2,1,0
53,2026-04-23,525.2,56.6,1,0
53,2026-04-24,525.2,55.8,1,0
53,2026-04-27,527.1,60.9,1,0
53,2026-04-28,521.5,54.8,1,0
53,2026-04-29,519.4,56.5,1,0
53,2026-04-30,526.7,53.9,1,0
53,2026-05-01,0.0,0.0,0,0
53,2026-05-04,517.0,60.8,1,0
53,2026-05-05,522.9,58.2,1,0
53,2026-05-06,528.5,57.6,1,0
53,2026-05-07,508.0,58.7,1,0
53,2026-05-08,530.4,58.5,1,0
54,2026-01-05,534.7,69.1,1,0
54,2026-01-06,533.2,60.4,1,0
54,2026-01-07,531.2,62.7,1,0
54,2026-01-08,536.2,64.3,1,0
54,2026-01-09,517.9,65.5,1,0
54,2026-01-12,542.7,68.8,1,0
54,2026-01-13,546.2,64.0,1,0
54,2026-01-14,532.2,57.0,1,0
54,2026-01-15,549.5,65.7,1,0
54,2026-01-16,538.5,67.0,1,0
54,2026-01-19,556.8,62.5,1,0
54,2026-01-20,541.9,62.0,1,0
54,2026-01-21,544.0,64.5,1,0
54,2026-01-22,522.7,66.1,1,0
54,2026-01-23,535.3,65.2,1,0
54,2026-01-26,304.8555695794593,63.4,1,1
54,2026-01-27,553.3,66.8,1,0
54,2026-01-28,552.1,62.8,1,0
54,2026-01-29,543.0,58.2,1,0
54,2026-01-30,531.2,64.7,1,0
54,2026-02-02,535.2,63.7,1,0
54,2026-02-03,538.2,64.2,1,0
54,2026-02-04,550.5,64.6,1,0
54,2026-02-05,520.6,59.8,1,0
54,2026-02-06,535.0,62.4,1,0
54,2026-02-09,0.0,0.0,0,0
54,2026-02-10,528.5,65.9,1,0
54,2026-02-11,527.0,64.8,1,0
54,2026-02-12,524.0,62.3,1,0
54,2026-02-13,529.6,61.6,1,0
54,2026-02-16,536.1,61.7,1,0
54,2026-02-17,0.0,0.0,0,0
54,2026-02-18,536.7,62.9,1,0
54,2026-02-19,545.7,69.1,1,0
54,2026-02-20,544.6,65.7,1,0
54,2026-02-23,535.1,63.5,1,0
54,2026-02-24,543.5,68.8,1,0
54,2026-02-25,535.0,56.7,1,0
54,2026-02-26,532.7,60.8,1,0
54,2026-02-27,525.3,62.6,1,0
54,2026-03-02,0.0,0.0,0,0
54,2026-03-03,531.0,65.4,1,0
54,2026-03-04,543.1,66.6,1,0
54,2026-03-05,522.3,63.4,1,0
54,2026-03-06,538.1,61.9,1,0
54,2026-03-09,535.9,61.3,1,0
54,2026-03-10,551.3,66.1,1,0
54,2026-03-11,336.3267176158518,6.127741445159827,1,1
54,2026-03-12,537.3,12.172278680164178,1,1
54,2026-03-13,532.9,61.7,1,0
54,2026-03-16,544.7,59.6,1,0
54,2026-03-17,343.89264227903084,5.391833460769474,1,1
54,2026-03-18,543.2,61.1,1,0
54,2026-03-19,527.5,58.5,1,0
54,2026-03-20,532.8,60.3,1,0
54,2026-03-23,544.7,69.7,1,0
54,2026-03-24,544.0,65.3,1,0
54,2026-03-25,520.4,69.0,1,0
54,2026-03-26,546.9,65.7,1,0
54,2026-03-27,538.3,70.5,1,0
54,2026-03-30,531.7,62.0,1,0
54,2026-03-31,534.5,67.7,1,0
54,2026-04-01,522.3,65.5,1,0
54,2026-04-02,536.1,64.8,1,0
54,2026-04-03,543.7,61.8,1,0
54,2026-04-06,539.1,63.9,1,0
54,2026-04-07,522.4,63.8,1,0
54,2026-04-08,522.1,64.0,1,0
54,2026-04-09,538.1,61.2,1,0
54,2026-04-10,524.8,68.1,1,0
54,2026-04-13,531.8,70.4,1,0
54,2026-04-14,538.6,67.3,1,0
54,2026-04-15,525.2,62.0,1,0
54,2026-04-16,551.3,61.8,1,0
54,2026-04-17,539.2,66.0,1,0
54,2026-04-20,529.1,62.5,1,0
54,2026-04-21,545.9,63.4,1,0
54,2026-04-22,527.6,69.7,1,0
54,2026-04-23,544.5,64.2,1,0
54,2026-04-24,523.8,57.6,1,0
54,2026-04-27,0.0,0.0,0,0
54,2026-04-28,537.5,60.3,1,0
54,2026-04-29,544.3,69.3,1,0
54,2026-04-30,541.2,64.7,1,0
54,2026-05-01,550.6,62.7,1,0
54,2026-05-04,538.9,64.0,1,0
54,2026-05-05,538.1,63.8,1,0
54,2026-05-06,545.8,67.7,1,0
54,2026-05-07,540.1,14.942973866381266,1,1
54,2026-05-08,537.5,64.0,1,0
55,2026-01-05,559.3,63.4,1,0
55,2026-01-06,551.3,64.5,1,0
55,2026-01-07,546.4,64.0,1,0
55,2026-01-08,562.7,64.3,1,0
55,2026-01-09,566.0,54.7,1,0
55,2026-01-12,541.7,66.7,1,0
55,2026-01-13,541.0,60.2,1,0
55,2026-01-14,544.9,60.1,1,0
55,2026-01-15,549.5,62.2,1,0
55,2026-01-16,534.1,62.0,1,0
55,2026-01-19,553.2,62.7,1,0
55,2026-01-20,555.3,69.1,1,0
55,2026-01-21,533.3,54.5,1,0
55,2026-01-22,551.4,60.8,1,0
55,2026-01-23,545.2,59.0,1,0
55,2026-01-26,545.7,63.6,1,0
55,2026-01-27,545.0,62.8,1,0
55,2026-01-28,556.3,58.3,1,0
55,2026-01-29,549.8,62.3,1,0
55,2026-01-30,558.1,66.8,1,0
55,2026-02-02,559.2,53.9,1,0
55,2026-02-03,540.5,64.0,1,0
55,2026-02-04,546.8,58.6,1,0
55,2026-02-05,562.0,60.7,1,0
55,2026-02-06,544.2,65.5,1,0
55,2026-02-09,545.0,59.4,1,0
55,2026-02-10,548.8,54.8,1,0
55,2026-02-11,539.2,63.8,1,0
55,2026-02-12,544.9,59.4,1,0
55,2026-02-13,538.3,62.4,1,0
55,2026-02-16,545.1,62.2,1,0
55,2026-02-17,551.3,57.0,1,0
55,2026-02-18,555.5,62.0,1,0
55,2026-02-19,546.4,63.7,1,0
55,2026-02-20,538.1,63.5,1,0
55,2026-02-23,549.6,59.9,1,0
55,2026-02-24,548.7,58.9,1,0
55,2026-02-25,547.8,59.2,1,0
55,2026-02-26,549.0,62.9,1,0
55,2026-02-27,558.5,62.8,1,0
55,2026-03-02,535.9,61.7,1,0
55,2026-03-03,550.2,50.7,1,0
55,2026-03-04,554.8,60.1,1,0
55,2026-03-05,552.3,59.0,1,0
55,2026-03-06,537.2,60.9,1,0
55,2026-03-09,540.7,62.0,1,0
55,2026-03-10,557.3,63.2,1,0
55,2026-03-11,536.6,61.5,1,0
55,2026-03-12,543.3,66.8,1,0
55,2026-03-13,551.7,64.0,1,0
55,2026-03-16,568.0,58.2,1,0
55,2026-03-17,539.8,65.7,1,0
55,2026-03-18,543.0,58.5,1,0
55,2026-03-19,550.2,65.3,1,0
55,2026-03-20,551.4,61.9,1,0
55,2026-03-23,546.2,57.5,1,0
55,2026-03-24,553.4,64.0,1,0
55,2026-03-25,546.3,65.7,1,0
55,2026-03-26,558.4,65.4,1,0
55,2026-03-27,0.0,0.0,0,0
55,2026-03-30,0.0,0.0,0,0
55,2026-03-31,0.0,0.0,0,1
55,2026-04-01,0.0,0.0,0,1
55,2026-04-02,0.0,0.0,0,1
55,2026-04-03,0.0,0.0,0,1
55,2026-04-06,0.0,0.0,0,1
55,2026-04-07,0.0,0.0,0,1
55,2026-04-08,0.0,0.0,0,1
55,2026-04-09,0.0,0.0,0,1
55,2026-04-10,526.8,58.0,1,0
55,2026-04-13,550.3,59.9,1,0
55,2026-04-14,531.7,61.9,1,0
55,2026-04-15,546.3,55.7,1,0
55,2026-04-16,557.6,61.8,1,0
55,2026-04-17,566.3,57.3,1,0
55,2026-04-20,539.0,57.9,1,0
55,2026-04-21,552.4,11.985196478532943,1,1
55,2026-04-22,539.2,62.5,1,0
55,2026-04-23,549.2,61.9,1,0
55,2026-04-24,548.1,60.5,1,0
55,2026-04-27,0.0,0.0,0,0
55,2026-04-28,306.346599838391,10.392130703867528,1,1
55,2026-04-29,542.1,63.3,1,0
55,2026-04-30,544.0,63.7,1,0
55,2026-05-01,539.6,62.1,1,0
55,2026-05-04,697.0148036053249,63.5,1,1
55,2026-05-05,543.5,61.0,1,0
55,2026-05-06,551.2,61.9,1,0
55,2026-05-07,555.3,59.0,1,0
55,2026-05-08,553.4,57.7,1,0
56,2026-01-05,533.9,64.7,1,0
56,2026-01-06,530.6,64.7,1,0
56,2026-01-07,536.7,61.6,1,0
56,2026-01-08,546.1,60.7,1,0
56,2026-01-09,545.0,62.3,1,0
56,2026-01-12,526.3,64.2,1,0
56,2026-01-13,538.1,60.0,1,0
56,2026-01-14,546.1,63.4,1,0
56,2026-01-15,547.9,62.8,1,0
56,2026-01-16,542.6,63.2,1,0
56,2026-01-19,535.0,63.2,1,0
56,2026-01-20,544.7,62.0,1,0
56,2026-01-21,524.1,69.3,1,0
56,2026-01-22,537.6,64.1,1,0
56,2026-01-23,539.6,60.3,1,0
56,2026-01-26,525.4,58.3,1,0
56,2026-01-27,540.1,66.2,1,0
56,2026-01-28,546.5,66.0,1,0
56,2026-01-29,539.8,63.5,1,0
56,2026-01-30,551.9,68.7,1,0
56,2026-02-02,525.0,61.8,1,0
56,2026-02-03,545.9,57.9,1,0
56,2026-02-04,552.7,61.4,1,0
56,2026-02-05,533.4,64.3,1,0
56,2026-02-06,544.2,60.2,1,0
56,2026-02-09,553.6,64.3,1,0
56,2026-02-10,538.1,67.5,1,0
56,2026-02-11,551.4,61.3,1,0
56,2026-02-12,545.4,61.4,1,0
56,2026-02-13,537.6,64.3,1,0
56,2026-02-16,546.8,64.0,1,0
56,2026-02-17,545.8,62.0,1,0
56,2026-02-18,546.6,64.9,1,0
56,2026-02-19,537.5,62.5,1,0
56,2026-02-20,554.4,64.0,1,0
56,2026-02-23,534.8,65.3,1,0
56,2026-02-24,537.0,65.4,1,0
56,2026-02-25,522.2,62.6,1,0
56,2026-02-26,539.5,63.6,1,0
56,2026-02-27,0.0,0.0,0,0
56,2026-03-02,534.4,63.9,1,0
56,2026-03-03,535.5,57.3,1,0
56,2026-03-04,557.9,62.4,1,0
56,2026-03-05,548.9,63.2,1,0
56,2026-03-06,549.6,64.5,1,0
56,2026-03-09,541.1,62.1,1,0
56,2026-03-10,539.5,66.8,1,0
56,2026-03-11,553.7,64.5,1,0
56,2026-03-12,546.3,61.1,1,0
56,2026-03-13,538.3,62.7,1,0
56,2026-03-16,546.4,59.7,1,0
56,2026-03-17,544.4,64.1,1,0
56,2026-03-18,555.0,65.5,1,0
56,2026-03-19,0.0,0.0,0,0
56,2026-03-20,540.4,62.1,1,0
56,2026-03-23,0.0,0.0,0,0
56,2026-03-24,542.5,65.1,1,0
56,2026-03-25,542.7,64.3,1,0
56,2026-03-26,546.1,60.8,1,0
56,2026-03-27,539.9,61.0,1,0
56,2026-03-30,547.6,64.1,1,0
56,2026-03-31,540.3,62.5,1,0
56,2026-04-01,533.6,59.0,1,0
56,2026-04-02,530.0,62.4,1,0
56,2026-04-03,541.2,63.8,1,0
56,2026-04-06,0.0,0.0,0,0
56,2026-04-07,0.0,0.0,0,0
56,2026-04-08,522.1,67.3,1,0
56,2026-04-09,561.7,61.9,1,0
56,2026-04-10,550.9,61.8,1,0
56,2026-04-13,535.5,65.5,1,0
56,2026-04-14,535.7,64.7,1,0
56,2026-04-15,539.6,63.4,1,0
56,2026-04-16,538.3,67.7,1,0
56,2026-04-17,413.7996369068883,11.343070236352103,1,1
56,2026-04-20,534.0,64.4,1,0
56,2026-04-21,527.9,68.5,1,0
56,2026-04-22,535.8,59.7,1,0
56,2026-04-23,530.8,67.2,1,0
56,2026-04-24,555.2,60.6,1,0
56,2026-04-27,552.4,62.1,1,0
56,2026-04-28,551.0,61.4,1,0
56,2026-04-29,530.6,64.8,1,0
56,2026-04-30,550.7,62.3,1,0
56,2026-05-01,0.0,0.0,0,0
56,2026-05-04,565.2,64.7,1,0
56,2026-05-05,544.5,58.8,1,0
56,2026-05-06,556.2,65.1,1,0
56,2026-05-07,532.4,61.5,1,0
56,2026-05-08,558.6,62.5,1,0
57,2026-01-05,528.9,63.4,1,0
57,2026-01-06,519.3,58.2,1,0
57,2026-01-07,524.7,60.7,1,0
57,2026-01-08,541.2,62.1,1,0
57,2026-01-09,511.5,56.8,1,0
57,2026-01-12,0.0,0.0,0,0
57,2026-01-13,538.7,59.8,1,0
57,2026-01-14,701.212349840692,60.8,1,1
57,2026-01-15,523.8,64.6,1,0
57,2026-01-16,536.4,55.0,1,0
57,2026-01-19,522.7,61.9,1,0
57,2026-01-20,521.7,62.2,1,0
57,2026-01-21,520.0,57.7,1,0
57,2026-01-22,524.8,63.9,1,0
57,2026-01-23,525.2,61.6,1,0
57,2026-01-26,520.8,60.6,1,0
57,2026-01-27,527.3,64.1,1,0
57,2026-01-28,521.8,59.3,1,0
57,2026-01-29,522.1,64.4,1,0
57,2026-01-30,528.3,62.0,1,0
57,2026-02-02,521.4,59.5,1,0
57,2026-02-03,521.7,56.6,1,0
57,2026-02-04,528.9,62.8,1,0
57,2026-02-05,543.2,63.1,1,0
57,2026-02-06,529.5,58.1,1,0
57,2026-02-09,514.4,58.9,1,0
57,2026-02-10,525.2,56.5,1,0
57,2026-02-11,542.6,60.7,1,0
57,2026-02-12,529.4,66.3,1,0
57,2026-02-13,0.0,0.0,0,0
57,2026-02-16,546.9,54.2,1,0
57,2026-02-17,516.7,57.5,1,0
57,2026-02-18,509.2,59.5,1,0
57,2026-02-19,519.0,55.6,1,0
57,2026-02-20,523.0,58.0,1,0
57,2026-02-23,0.0,0.0,0,0
57,2026-02-24,530.5,56.6,1,0
57,2026-02-25,0.0,0.0,0,0
57,2026-02-26,518.0,60.3,1,0
57,2026-02-27,525.2,56.1,1,0
57,2026-03-02,524.3,59.3,1,0
57,2026-03-03,531.3,59.9,1,0
57,2026-03-04,528.3,66.0,1,0
57,2026-03-05,532.4,60.2,1,0
57,2026-03-06,534.7,60.2,1,0
57,2026-03-09,523.8,56.9,1,0
57,2026-03-10,531.2,60.3,1,0
57,2026-03-11,518.0,59.6,1,0
57,2026-03-12,508.7,55.5,1,0
57,2026-03-13,518.6,60.6,1,0
57,2026-03-16,524.7,64.0,1,0
57,2026-03-17,524.6,59.6,1,0
57,2026-03-18,526.6,60.2,1,0
57,2026-03-19,518.5,63.1,1,0
57,2026-03-20,536.5,61.3,1,0
57,2026-03-23,519.1,65.5,1,0
57,2026-03-24,524.8,60.2,1,0
57,2026-03-25,526.8,57.7,1,0
57,2026-03-26,540.2,59.5,1,0
57,2026-03-27,514.8,60.1,1,0
57,2026-03-30,0.0,0.0,0,0
57,2026-03-31,512.8,61.8,1,0
57,2026-04-01,526.1,58.8,1,0
57,2026-04-02,527.1,65.6,1,0
57,2026-04-03,537.1,59.1,1,0
57,2026-04-06,535.5,62.5,1,0
57,2026-04-07,523.1,59.3,1,0
57,2026-04-08,536.5,58.0,1,0
57,2026-04-09,518.5,62.3,1,0
57,2026-04-10,532.3,61.4,1,0
57,2026-04-13,538.2,55.4,1,0
57,2026-04-14,528.3,53.5,1,0
57,2026-04-15,533.5,58.5,1,0
57,2026-04-16,513.2,67.0,1,0
57,2026-04-17,515.6,60.6,1,0
57,2026-04-20,517.9,62.8,1,0
57,2026-04-21,522.6,59.8,1,0
57,2026-04-22,525.2,57.5,1,0
57,2026-04-23,520.8,57.6,1,0
57,2026-04-24,531.9,57.0,1,0
57,2026-04-27,524.5,66.2,1,0
57,2026-04-28,524.4,60.0,1,0
57,2026-04-29,522.1,12.5160805446997,1,1
57,2026-04-30,532.5,61.5,1,0
57,2026-05-01,538.4,63.8,1,0
57,2026-05-04,0.0,0.0,0,0
57,2026-05-05,520.4,62.3,1,0
57,2026-05-06,541.1,56.9,1,0
57,2026-05-07,520.3,61.3,1,0
57,2026-05-08,529.6,55.5,1,0
58,2026-01-05,546.5,61.9,1,0
58,2026-01-06,551.1,67.5,1,0
58,2026-01-07,545.0,66.4,1,0
58,2026-01-08,536.7,58.6,1,0
58,2026-01-09,535.1,59.7,1,0
58,2026-01-12,559.0,62.7,1,0
58,2026-01-13,542.4,63.5,1,0
58,2026-01-14,552.7,62.1,1,0
58,2026-01-15,558.0,66.2,1,0
58,2026-01-16,544.8,60.3,1,0
58,2026-01-19,382.83164826780046,11.487178315454909,1,1
58,2026-01-20,557.6,61.9,1,0
58,2026-01-21,545.5,59.1,1,0
58,2026-01-22,563.9,66.7,1,0
58,2026-01-23,0.0,0.0,0,0
58,2026-01-26,0.0,0.0,0,0
58,2026-01-27,0.0,0.0,0,1
58,2026-01-28,0.0,0.0,0,1
58,2026-01-29,0.0,0.0,0,1
58,2026-01-30,0.0,0.0,0,1
58,2026-02-02,0.0,0.0,0,1
58,2026-02-03,0.0,0.0,0,1
58,2026-02-04,0.0,0.0,0,1
58,2026-02-05,547.9,59.0,1,0
58,2026-02-06,542.4,63.0,1,0
58,2026-02-09,557.4,59.0,1,0
58,2026-02-10,534.3,56.1,1,0
58,2026-02-11,312.2355280619885,3.754988326682904,1,1
58,2026-02-12,554.1,61.7,1,0
58,2026-02-13,554.3,57.9,1,0
58,2026-02-16,554.8,65.1,1,0
58,2026-02-17,320.71355604424747,14.325395613844119,1,1
58,2026-02-18,541.4,61.8,1,0
58,2026-02-19,0.0,0.0,0,0
58,2026-02-20,555.6,61.6,1,0
58,2026-02-23,543.0,60.3,1,0
58,2026-02-24,547.9,60.5,1,0
58,2026-02-25,407.86403024081403,3.0221934839747675,1,1
58,2026-02-26,553.1,60.4,1,0
58,2026-02-27,541.9,66.6,1,0
58,2026-03-02,535.6,61.8,1,0
58,2026-03-03,405.7882803659177,7.89770207215432,1,1
58,2026-03-04,542.2,65.4,1,0
58,2026-03-05,536.1,62.0,1,0
58,2026-03-06,545.9,57.8,1,0
58,2026-03-09,558.2,61.6,1,0
58,2026-03-10,551.5,61.8,1,0
58,2026-03-11,547.9,64.3,1,0
58,2026-03-12,539.7,60.2,1,0
58,2026-03-13,564.6,66.2,1,0
58,2026-03-16,559.7,61.0,1,0
58,2026-03-17,555.8,57.0,1,0
58,2026-03-18,557.6,60.8,1,0
58,2026-03-19,536.9,62.9,1,0
58,2026-03-20,542.1,59.8,1,0
58,2026-03-23,545.0,60.8,1,0
58,2026-03-24,560.3,60.9,1,0
58,2026-03-25,529.8,63.9,1,0
58,2026-03-26,551.2,63.4,1,0
58,2026-03-27,551.1,60.1,1,0
58,2026-03-30,552.9,65.0,1,0
58,2026-03-31,561.3,61.9,1,0
58,2026-04-01,568.8,65.8,1,0
58,2026-04-02,543.1,67.4,1,0
58,2026-04-03,547.7,54.3,1,0
58,2026-04-06,540.9,62.0,1,0
58,2026-04-07,563.9,62.5,1,0
58,2026-04-08,541.3,65.5,1,0
58,2026-04-09,0.0,0.0,0,0
58,2026-04-10,544.5,59.5,1,0
58,2026-04-13,542.2,57.0,1,0
58,2026-04-14,550.4,64.3,1,0
58,2026-04-15,558.9,56.4,1,0
58,2026-04-16,555.2,61.9,1,0
58,2026-04-17,557.0,59.2,1,0
58,2026-04-20,553.4,60.8,1,0
58,2026-04-21,545.1,57.6,1,0
58,2026-04-22,550.0,59.6,1,0
58,2026-04-23,551.5,63.7,1,0
58,2026-04-24,544.6,55.9,1,0
58,2026-04-27,0.0,0.0,0,0
58,2026-04-28,0.0,0.0,0,0
58,2026-04-29,557.4,63.7,1,0
58,2026-04-30,0.0,0.0,0,0
58,2026-05-01,562.3,65.6,1,0
58,2026-05-04,553.3,64.5,1,0
58,2026-05-05,548.4,58.9,1,0
58,2026-05-06,550.1,58.7,1,0
58,2026-05-07,552.9,56.5,1,0
58,2026-05-08,553.4,59.6,1,0
59,2026-01-05,0.0,0.0,0,0
59,2026-01-06,543.3,53.3,1,0
59,2026-01-07,546.9,57.3,1,0
59,2026-01-08,542.5,59.0,1,0
59,2026-01-09,534.7,50.8,1,0
59,2026-01-12,536.7,59.6,1,0
59,2026-01-13,534.5,53.4,1,0
59,2026-01-14,539.2,51.4,1,0
59,2026-01-15,538.1,62.7,1,0
59,2026-01-16,552.0,59.4,1,0
59,2026-01-19,536.1,52.5,1,0
59,2026-01-20,539.2,55.3,1,0
59,2026-01-21,557.6,54.5,1,0
59,2026-01-22,534.2,54.4,1,0
59,2026-01-23,539.2,55.2,1,0
59,2026-01-26,541.1,57.4,1,0
59,2026-01-27,541.1,54.5,1,0
59,2026-01-28,541.8,54.8,1,0
59,2026-01-29,538.4,55.3,1,0
59,2026-01-30,534.8,57.5,1,0
59,2026-02-02,553.5,53.4,1,0
59,2026-02-03,524.0,57.7,1,0
59,2026-02-04,531.4,56.2,1,0
59,2026-02-05,0.0,0.0,0,0
59,2026-02-06,535.4,57.4,1,0
59,2026-02-09,538.8,54.1,1,0
59,2026-02-10,0.0,0.0,0,0
59,2026-02-11,545.8,57.8,1,0
59,2026-02-12,547.6,53.4,1,0
59,2026-02-13,531.7,56.4,1,0
59,2026-02-16,540.3,53.9,1,0
59,2026-02-17,527.5,59.6,1,0
59,2026-02-18,530.8,52.2,1,0
59,2026-02-19,546.7,51.8,1,0
59,2026-02-20,538.5,52.4,1,0
59,2026-02-23,553.2,51.1,1,0
59,2026-02-24,546.9,55.9,1,0
59,2026-02-25,547.0,58.3,1,0
59,2026-02-26,0.0,0.0,0,0
59,2026-02-27,535.6,56.1,1,0
59,2026-03-02,549.9,60.3,1,0
59,2026-03-03,542.1,58.8,1,0
59,2026-03-04,551.7,50.0,1,0
59,2026-03-05,0.0,0.0,0,0
59,2026-03-06,544.5,53.8,1,0
59,2026-03-09,552.3,52.8,1,0
59,2026-03-10,533.2,54.7,1,0
59,2026-03-11,546.9,52.6,1,0
59,2026-03-12,526.4,52.2,1,0
59,2026-03-13,0.0,0.0,0,0
59,2026-03-16,0.0,0.0,0,0
59,2026-03-17,0.0,0.0,0,1
59,2026-03-18,0.0,0.0,0,1
59,2026-03-19,0.0,0.0,0,1
59,2026-03-20,0.0,0.0,0,1
59,2026-03-23,0.0,0.0,0,1
59,2026-03-24,0.0,0.0,0,1
59,2026-03-25,532.9,53.9,1,0
59,2026-03-26,537.4,50.3,1,0
59,2026-03-27,543.3,51.2,1,0
59,2026-03-30,541.6,52.9,1,0
59,2026-03-31,0.0,0.0,0,0
59,2026-04-01,0.0,0.0,0,0
59,2026-04-02,0.0,0.0,0,0
59,2026-04-03,0.0,0.0,0,1
59,2026-04-06,0.0,0.0,0,1
59,2026-04-07,0.0,0.0,0,1
59,2026-04-08,0.0,0.0,0,1
59,2026-04-09,0.0,0.0,0,1
59,2026-04-10,0.0,0.0,0,1
59,2026-04-13,0.0,0.0,0,1
59,2026-04-14,0.0,0.0,0,1
59,2026-04-15,542.5,56.1,1,0
59,2026-04-16,0.0,0.0,0,0
59,2026-04-17,528.0,52.9,1,0
59,2026-04-20,548.1,60.2,1,0
59,2026-04-21,551.8,55.5,1,0
59,2026-04-22,543.3,59.6,1,0
59,2026-04-23,0.0,0.0,0,0
59,2026-04-24,538.4,56.8,1,0
59,2026-04-27,544.5,55.0,1,0
59,2026-04-28,330.01201220735015,54.1,1,1
59,2026-04-29,0.0,0.0,0,0
59,2026-04-30,533.0,49.2,1,0
59,2026-05-01,548.8,51.7,1,0
59,2026-05-04,562.0,59.6,1,0
59,2026-05-05,546.1,51.1,1,0
59,2026-05-06,539.5,56.4,1,0
59,2026-05-07,534.7,55.8,1,0
59,2026-05-08,538.2,55.0,1,0
60,2026-01-05,535.1,64.2,1,0
60,2026-01-06,521.4,61.4,1,0
60,2026-01-07,530.5,58.4,1,0
60,2026-01-08,536.0,64.6,1,0
60,2026-01-09,527.6,59.8,1,0
60,2026-01-12,528.4,57.1,1,0
60,2026-01-13,530.9,65.6,1,0
60,2026-01-14,529.6,65.7,1,0
60,2026-01-15,0.0,0.0,0,0
60,2026-01-16,522.6,54.5,1,0
60,2026-01-19,525.3,63.8,1,0
60,2026-01-20,534.6,59.8,1,0
60,2026-01-21,530.5,63.9,1,0
60,2026-01-22,524.1,57.5,1,0
60,2026-01-23,525.3,60.9,1,0
60,2026-01-26,526.2,62.0,1,0
60,2026-01-27,545.5,63.4,1,0
60,2026-01-28,523.2,56.3,1,0
60,2026-01-29,536.6,63.2,1,0
60,2026-01-30,509.5,64.9,1,0
60,2026-02-02,517.4,63.3,1,0
60,2026-02-03,532.8,64.1,1,0
60,2026-02-04,518.0,60.7,1,0
60,2026-02-05,534.9,65.3,1,0
60,2026-02-06,0.0,0.0,0,0
60,2026-02-09,522.7,59.8,1,0
60,2026-02-10,526.2,63.1,1,0
60,2026-02-11,538.6,57.8,1,0
60,2026-02-12,541.5,65.8,1,0
60,2026-02-13,523.7,58.2,1,0
60,2026-02-16,529.8,63.7,1,0
60,2026-02-17,525.9,61.0,1,0
60,2026-02-18,524.7,63.3,1,0
60,2026-02-19,530.9,62.2,1,0
60,2026-02-20,0.0,0.0,0,0
60,2026-02-23,523.0,63.8,1,0
60,2026-02-24,526.3,61.8,1,0
60,2026-02-25,538.4,58.0,1,0
60,2026-02-26,529.9,59.6,1,0
60,2026-02-27,521.7,55.9,1,0
60,2026-03-02,545.6,56.3,1,0
60,2026-03-03,535.8,61.0,1,0
60,2026-03-04,528.9,59.4,1,0
60,2026-03-05,510.7,57.7,1,0
60,2026-03-06,539.3,65.3,1,0
60,2026-03-09,511.7,59.2,1,0
60,2026-03-10,542.7,65.2,1,0
60,2026-03-11,519.3,61.0,1,0
60,2026-03-12,542.3,61.8,1,0
60,2026-03-13,530.3,62.3,1,0
60,2026-03-16,0.0,0.0,0,0
60,2026-03-17,521.3,65.2,1,0
60,2026-03-18,542.8,55.4,1,0
60,2026-03-19,537.5,61.1,1,0
60,2026-03-20,533.2,61.3,1,0
60,2026-03-23,524.8,61.0,1,0
60,2026-03-24,549.2,60.4,1,0
60,2026-03-25,525.4,66.4,1,0
60,2026-03-26,532.6,60.4,1,0
60,2026-03-27,523.2,62.1,1,0
60,2026-03-30,531.8,66.3,1,0
60,2026-03-31,518.1,58.6,1,0
60,2026-04-01,526.9,7.0977144464097135,1,1
60,2026-04-02,543.6,61.1,1,0
60,2026-04-03,0.0,0.0,0,0
60,2026-04-06,539.8,61.8,1,0
60,2026-04-07,534.7,60.5,1,0
60,2026-04-08,534.3,63.8,1,0
60,2026-04-09,523.9,61.8,1,0
60,2026-04-10,530.4,61.5,1,0
60,2026-04-13,531.4,63.3,1,0
60,2026-04-14,523.7,60.6,1,0
60,2026-04-15,525.2,56.3,1,0
60,2026-04-16,533.6,60.7,1,0
60,2026-04-17,533.1,65.4,1,0
60,2026-04-20,520.4,60.8,1,0
60,2026-04-21,520.5,63.1,1,0
60,2026-04-22,510.8,62.3,1,0
60,2026-04-23,527.6,59.2,1,0
60,2026-04-24,527.1,60.2,1,0
60,2026-04-27,527.0,64.7,1,0
60,2026-04-28,0.0,0.0,0,0
60,2026-04-29,539.4,60.5,1,0
60,2026-04-30,528.9,61.7,1,0
60,2026-05-01,533.8,58.2,1,0
60,2026-05-04,512.0,64.6,1,0
60,2026-05-05,535.1,62.5,1,0
60,2026-05-06,529.7,62.3,1,0
60,2026-05-07,0.0,0.0,0,0
60,2026-05-08,528.9,59.1,1,0
